,LATITUD,LONGITUD
35,19.6961119,-101.162733
40,19.7113871,-101.2013037
45,0.0,0.0
110,19.6919556,-101.1179717
116,0.0,0.0
152,19.7076675,-101.1576587
153,19.6774631,-101.254686
155,19.6846646,-101.1655896
161,21.0632534,-100.4739027
170,18.0201901,-102.212399
171,19.7194653,-101.1457637
198,19.7078519,-101.2605592
202,19.6836015,-101.3060931
204,19.7040551,-101.2232675
212,19.4238619,-102.0068984
230,19.6845563,-101.2138594
261,19.7275463,-101.1143276
262,19.7073651,-101.2155247
298,19.69473,-101.1625045
330,19.6837461,-101.1881257
331,19.6974520393671,-101.158187243425
333,19.6974520393671,-101.158187243425
471,19.4510848,-99.20512
497,19.7114255,-101.2104107
531,19.7003589898114,-101.192019941786
663,20.6438034,-103.3010981
667,19.7001216,-101.2400128
710,19.6331373,-102.0554508
720,19.7074741,-101.1772298
781,19.6508403433574,-101.19614823028
784,19.6953328381971,-101.16565889626
788,0.0,0.0
795,19.6570784,-101.1946502
796,19.6862651,-101.1905838
797,19.6953462,-101.1881114
798,19.4274965,-102.0683667
799,19.5108868,-101.3397544
800,19.6745152,-101.3144791
801,19.649947,-101.2378569
802,20.0902994945456,-101.513141179509
803,19.7359009,-101.1798661
804,19.6932704,-101.1789977
805,19.6436406352848,-101.152086988437
806,19.7019897651136,-101.204592840666
807,19.6812091,-101.1782114
808,0.0,0.0
809,19.9409896,-100.3221051
810,19.9409954,-100.322128
811,19.9410042,-100.3221446
812,19.9409978,-100.3221901
813,19.5095616380581,-101.599312970064
814,19.5095603139917,-101.599317416708
815,18.9621859,-101.8063345
816,19.3968669,-102.0231013
817,19.4510848,-99.20512
818,19.6959476,-101.162566
819,19.8049792,-101.7872384
820,19.8192040294875,-101.792166771595
821,20.1185962,-102.3702042
822,19.8179296812943,-101.787737289004
823,19.9020288,-100.1738044
824,19.7737129563011,-101.136608065642
825,19.4480761,-100.3592899
826,19.7113859,-101.2012989
827,19.696107,-101.1627284
828,20.7458451,-100.4341603
829,19.4137844,-102.0125002
830,19.209025,-101.7078846
831,19.5249989,-101.6065088
832,19.6961158,-101.1627384
833,19.6961114,-101.1627331
834,19.6896166,-101.2277531
835,19.3999351,-102.0273773
836,19.4206796,-102.133145
837,19.4207175,-102.1331119
838,19.4535374,-101.7348705
839,19.4539102,-101.7345893
840,18.9626915,-101.8095517
841,19.5095245514832,-101.599289246064
842,20.6405632,-103.333888
843,19.2063883033395,-101.666514247741
844,19.496206370423,-101.598885081712
845,19.4963178335368,-101.598922884795
846,19.4964127480472,-101.598775673954
847,19.4964270586794,-101.598766449315
848,19.7630935,-101.1956203
849,19.7141485565667,-101.210844692187
850,19.7632590329531,-101.196646184219
851,20.0864440846924,-101.198076916819
852,19.6135275,-100.2994541
853,20.6569472,-103.4059776
854,19.1645035,-101.9140405
855,19.3320619,-100.4271433
856,19.3321677,-100.4270273
857,19.7026570491251,-101.223884760337
858,19.6860579,-101.1244832
859,19.713438673801,-101.147196244387
860,19.1370968,-101.4759291
861,19.6453438412674,-101.23268045185
862,19.6453464686918,-101.232733203352
863,21.2107264,-103.46496
864,19.6952388620004,-101.176528123446
865,19.3344322095611,-101.921904657165
866,19.650047886303,-101.917109038247
867,19.1466330321839,-102.221390565983
868,20.0834649,-101.5183622
869,19.6658357,-101.1912761
870,19.6500473101692,-101.917108409917
871,19.6555932295813,-101.171419964133
872,19.440692,-100.3596357
873,19.6508560527233,-101.19623474451
874,19.6947940173948,-101.198295087717
875,19.8612020236305,-100.835623315719
876,20.7278895854748,-103.347474419628
877,19.2023564744861,-101.718998873601
878,19.6500475150688,-101.917109295544
879,19.6556013717539,-101.17143458329
880,19.6394585,-102.0481394
881,19.655561,-101.1737249
882,20.7278892034089,-103.347474654426
883,19.2400006799999,-101.45309327
884,19.2400090124175,-101.4530778075
885,19.582186769239,-100.339041096984
886,19.5111788,-101.3385559
887,19.7185461,-101.2242247
888,19.4464083,-100.348774
889,19.8493484,-101.0889114
890,19.7135903768386,-101.22467065581
891,19.0177037270081,-102.095536639679
892,19.6159147371818,-102.482591153555
893,19.7092363,-101.2005408
894,19.7065328445241,-101.16401752162
895,19.3319465,-100.4279817
896,20.7996163,-102.781688
897,19.6965343,-101.2501384
898,19.4265498616221,-102.067711047101
899,19.8179664330699,-101.787659944077
900,19.7076825,-101.1504221
901,19.7116458957939,-101.172597106826
902,19.164511,-101.9140253
903,19.673356185665,-101.308457322457
904,20.608601,-100.407906
905,19.6974341,-101.1582332
906,19.4118423,-100.3911807
907,19.4119916627845,-101.911970499099
908,19.7002894802576,-101.14443507406
909,19.4554961,-101.7334146
910,20.5315249600765,-100.191294153047
911,20.6868335,-103.3572848
912,20.6378856329725,-103.454389031102
913,20.5887932,-100.3898881
914,19.4558248,-101.7332051
915,19.4556776,-101.7331914
916,19.710288,-101.1762182
917,19.7650010455403,-101.126367259975
918,19.0790124546694,-102.358434368002
919,19.0791021739765,-102.358433283855
920,19.7043449,-101.2401966
921,19.836733,-101.7667178
922,19.6547340890401,-101.528698237628
923,19.695182324041,-101.239209360752
924,19.7154908,-101.2147415
925,19.6733560307641,-101.308457488497
926,19.7239282122065,-101.115922071133
927,19.831093,-99.9148865
928,18.6220544,-100.8992256
929,18.4795758,-100.9783616
930,19.679844210457,-101.171592709042
931,19.7101583225621,-101.22752058129
932,20.6052655,-100.4395832
933,19.7998172,-99.8753934
934,19.6953929,-101.1599087
935,19.8248972730881,-101.043346149297
936,20.557456,-100.3590537
937,19.571156045213,-101.715609124528
938,19.6975009668441,-101.158289596447
939,19.3348876576091,-101.917534025459
940,19.5110101,-101.338742
941,18.8794244,-98.4042837
942,18.8794229,-98.4042838
943,19.685158310298,-101.258228177028
944,20.9566784,-101.4181237
945,20.9566545,-101.4184786
946,19.6817766043548,-101.226957382161
947,19.6710680387713,-101.184720432092
948,20.7259223,-103.3834573
949,19.7239419913931,-101.218886150376
950,19.7239082598651,-101.218907607501
951,19.7238713301537,-101.218910950079
952,20.66444111,-100.40005442
953,20.6310365417079,-100.406876296126
954,20.9453938,-101.3913529
955,20.0517608361351,-102.717241446294
956,19.4158446,-102.0375676
957,20.7589826952619,-103.386502914774
958,19.6223097,-100.4818815
959,19.7049546,-101.1771103
960,19.6961452,-101.1626414
961,19.6749568,-101.2029697
962,19.6748441,-101.2030156
963,20.5815808,-100.3880448
964,19.6974548,-101.158222
965,19.6223103,-100.4818811
966,19.6980759,-101.1568953
967,25.7421435,-100.285728
968,20.5765972,-100.3628926
969,19.7073543,-101.2155264
970,20.6713631145027,-103.322694708705
971,19.6961175781766,-101.162764948202
972,19.6824482,-101.1803686
973,25.7421714,-100.2857451
974,19.6957123,-101.1683998
975,25.742135547262,-100.285519911298
976,19.6621493202148,-101.195489733712
977,19.7118184,-101.2175626
978,19.8022962,-99.8604433
979,19.035279733764,-98.1884406108753
980,19.0351971629395,-98.1884418241266
981,20.5885152,-100.3360868
982,20.636511,-100.396701
983,19.6931032,-101.1913572
984,19.6931402,-101.1913567
985,19.7032031,-101.2021292
986,19.7032033,-101.2021308
987,19.6918606,-101.1526404
988,19.695946,-101.162649
989,19.6973873,-101.1582461
990,19.5821863781818,-100.339010211161
991,19.7132452,-101.2160191
992,20.642833,-100.4704228
993,19.7173342,-101.2230085
994,18.0199984258285,-102.208441265429
995,21.1353676,-101.7667743
996,21.1353767,-101.766788
997,19.7612038,-101.2057607
998,19.7612908,-101.2057862
999,19.7612401,-101.2057639
1000,19.7612728,-101.2057749
1001,19.7612583,-101.2057763
1002,19.6936936936936,-101.256037767214
1003,19.6889904,-101.1589831
1004,19.7634138,-101.1955334
1005,19.7612613,-101.2057714
1006,20.0299115,-100.7341253
1007,20.0299262,-100.7341203
1008,20.0299234,-100.7340966
1009,20.6180013698986,-100.482336020477
1010,20.6962029,-103.3141098
1011,19.3348873812776,-101.917514998941
1012,19.8372547,-100.8167844
1013,19.754648,-101.2045472
1014,20.7188208,-103.3009345
1015,20.7263046,-103.4628346
1016,20.5562389,-100.5577815
1017,20.6491781,-103.3204453
1018,19.6847405,-101.1654878
1019,20.6492248,-103.3203097
1020,19.7019882,-101.2410553
1021,19.6844996,-101.1657288
1022,19.6846776,-101.16559
1023,19.6931493,-101.1913685
1024,20.5091485,-100.8187468
1025,17.9873984206345,-102.240085928348
1026,19.6845629,-101.2138619
1027,19.6793432,-101.3042775
1028,20.6905775,-103.2603446
1029,19.504761901979,-101.766672800616
1030,19.6888038,-101.1479997
1031,19.6554761,-101.1737068
1032,19.6667312,-101.1942731
1033,19.6667364,-101.1942674
1034,20.7127675,-103.2947633
1035,19.7127441,-101.196792
1036,19.7522548,-101.046283
1037,19.6668632,-101.2005378
1038,40.6867514207618,-74.1937689319719
1039,19.6773953118955,-101.195819981723
1040,19.727326,-101.0983343
1041,19.6773154,-101.3146674
1042,19.6822879,-101.1760693
1043,19.7010706,-101.1725696
1044,19.7017967,-101.1761047
1045,19.6864302089098,-101.171555728764
1046,19.7214971,-101.1824101
1047,19.6774040176231,-101.195818656446
1048,19.6818239641812,-101.170550133273
1049,19.6823005,-101.0843058
1050,19.7010457637052,-101.188559885061
1051,19.7927809,-101.5544691
1052,20.7263327,-103.46283
1053,19.6512109851891,-101.159930484564
1054,19.6578828,-101.1854361
1055,19.7487226701039,-101.132745708642
1056,19.7018868,-101.1645384
1057,19.6960937,-101.1626983
1058,19.6960891,-101.1626874
1059,19.6974827255342,-101.158347011026
1060,19.5690456,-100.4692484
1061,19.5685114,-100.4650846
1062,19.5685392,-100.4651148
1063,19.6974768902533,-101.158270636185
1064,19.731763,-101.2070347
1065,20.9197347040055,-100.756904621729
1066,19.7317605,-101.2070213
1067,21.1228363,-101.7119528
1068,19.7133398,-101.1741615
1069,20.7029332,-103.368882
1070,19.8908493,-100.4448605
1071,19.7043882,-101.24056
1072,19.6958584,-101.1598284
1073,19.7043538,-101.2402022
1074,19.7043706,-101.2402112
1075,19.6859347,-101.1851944
1076,19.7661492,-101.1259133
1077,19.7661470223559,-101.125990359881
1078,19.6974449,-101.1582366
1079,19.7340207,-101.1361864
1080,19.7340156,-101.1361814
1081,19.752635,-101.0464454
1082,19.7083087,-101.1697009
1083,20.1099313,-102.518214
1084,18.0201927,-102.2124086
1085,19.6740406,-101.2263514
1086,19.688937,-101.1627897
1087,19.4945031,-101.3318844
1088,19.6889331,-101.1627801
1089,19.6942149,-101.2395022
1090,19.7634829,-101.1942448
1091,46.4160018,-120.0366727
1092,20.6493233,-103.320247
1093,19.4103295,-102.0586554
1094,19.6794312,-101.3042894
1095,19.7546678,-101.2045493
1096,19.6799895,-101.3081516
1097,21.1195817,-101.7004967
1098,19.2325794,-101.4508072
1099,19.7196218,-101.145785
1100,18.026639,-102.2118189
1101,19.7062528,-101.1684934
1102,19.7282725892814,-101.207929050959
1103,19.6729641470646,-101.230737577888
1104,20.6962033,-103.3141515
1105,20.6179655,-103.2833709
1106,19.2342489,-100.5519313
1107,19.6543813,-101.1909547
1108,19.7038337,-101.1922738
1109,19.7027328774939,-101.18645295492
1110,19.8193645844607,-101.793740294353
1111,19.6961231003972,-101.162736487082
1112,19.708456329557,-101.169668866315
1113,19.6960877,-101.1627132
1114,19.4241323,-102.0086052
1115,19.4239893,-102.0086364
1116,19.4240413,-102.0156546
1117,19.4232858,-102.0229618
1118,19.6637604,-101.1927079
1119,19.6632548,-101.192402
1120,19.6632503,-101.1924007
1121,19.4118139208904,-102.08323947683
1122,19.4118304337516,-102.083227690758
1123,20.788234,-103.468609
1124,21.1505052,-101.6694836
1125,20.8329051,-101.3519669
1126,20.8276629,-101.3477093
1127,19.7087848,-101.3390284
1128,19.2932026,-99.6698325
1129,19.2932021,-99.6698235
1130,19.6869387,-101.2582369
1131,19.6823629,-101.247225
1132,19.6840054,-101.1658352
1133,19.6875806,-101.2248067
1134,19.674988,-101.2032751
1135,19.6749356,-101.2029065
1136,19.6748843,-101.2029849
1137,19.6748988,-101.2030289
1138,19.7689567,-101.1540805
1139,19.0068293718195,-98.1873656937496
1140,19.0067882943351,-98.1873260349247
1141,19.6921199,-101.1945076
1142,19.6918972,-101.1937779
1143,19.4116008,-102.0531239
1144,19.6888789,-101.165792
1145,19.654341,-101.1909584
1146,19.696007,-101.162308
1147,19.3733572799069,-100.149416320406
1148,19.386908,-102.036531
1149,20.1350316,-101.1872956
1150,19.6835447,-101.3060721
1151,19.6835794,-101.3060925
1152,21.1025081,-101.630801
1153,19.6836392,-101.3060891
1154,19.6837244,-101.3059769
1155,19.6772316,-101.2019594
1156,19.6578631,-101.1854287
1157,19.7391071,-101.1448232
1158,19.7387184,-101.1453287
1159,19.6578615,-101.1854244
1160,19.6865724,-101.1828894
1161,19.6845665,-101.1757713
1162,19.6956724,-101.1681485
1163,19.6949644,-101.1850524
1164,19.6668592,-101.2005516
1165,19.4290900428096,-102.044589253948
1166,19.7304557869299,-101.207887112228
1167,19.9239382,-101.7494101
1168,19.7127462,-101.1968621
1169,19.3348970685601,-101.917523251426
1170,19.3349119585922,-101.917540899341
1171,19.6978364,-101.189377
1172,19.697829,-101.1893709
1173,19.4407281,-100.3596712
1174,19.7062581,-101.172431
1175,20.6498123,-100.3012781
1176,19.6869262,-101.2581494
1177,19.4242425025312,-102.055929586924
1178,19.6971357,-101.2254129
1179,19.693,-101.1591
1180,19.6978944,-101.1582563
1181,20.63583,-103.2872486
1182,20.6755792040372,-103.313718635381
1183,23.634501,-102.552784
1184,20.6755652302122,-103.313599687902
1185,19.6768969765186,-101.323144053427
1186,19.4276054,-102.0780547
1187,19.5823089,-100.3390962
1188,19.5823096,-100.3391058
1189,19.5823127,-100.339097
1190,19.7020839,-101.3082517
1191,19.6983075,-101.1921986
1192,19.6960952,-101.1627013
1193,19.257348,-100.4612023
1194,19.5821882706395,-100.33902719341
1195,19.5821836872135,-100.339038981146
1196,19.58218309241,-100.339038782714
1197,19.5821816249136,-100.339062702899
1198,19.5821816840455,-100.339061599272
1199,20.6145977,-100.3930791
1200,19.4276204,-102.0781345
1201,19.9410259,-100.322187
1202,19.4276602,-102.0781096
1203,19.6845639,-101.1509529
1204,19.940266,-100.3209768
1205,19.9408483,-100.322097
1206,19.9410219,-100.3221948
1207,19.9410298,-100.3221801
1208,19.894888,-100.4623013
1209,19.8806966,-100.6427079
1210,19.696289,-101.1943564
1211,19.7384654,-101.1991951
1212,19.7384634,-101.1991998
1213,17.9653687,-102.2090524
1214,19.701133,-101.1725081
1215,19.7824306,-101.133529
1216,19.6960217,-101.1625916
1217,19.6853002,-101.1509087
1218,19.9410428,-100.322277
1219,20.63588,-103.2874638
1220,19.7423084,-101.204877
1221,19.7423291,-101.2050647
1222,18.0170951,-102.209471
1223,19.7341682,-101.181135
1224,19.7422795,-101.2050234
1225,19.7422943,-101.2049465
1226,19.9409883,-100.3220696
1227,19.9410313,-100.3220057
1228,19.4238611,-102.0068954
1229,19.9410132,-100.3221516
1230,19.4414414414414,-100.352513958841
1231,19.6631478,-101.1976913
1232,19.8023397,-99.8603897
1233,20.5712237,-100.389799
1234,20.5712241,-100.3898031
1235,20.5712276,-100.3897965
1236,19.687384,-101.3006613
1237,20.5712243,-100.3898029
1238,19.6873606,-101.3006534
1239,20.5712189,-100.389809
1240,20.5712225,-100.3898048
1241,19.6712059,-101.2040276
1242,19.6956263,-101.1683151
1243,19.7296492,-101.2205037
1244,20.6361098,-103.2874536
1245,19.70313021048,-101.151199573509
1246,19.7043794,-101.2403659
1247,20.5928426,-103.2262174
1248,19.7295963603027,-101.104473488291
1249,19.6577418872506,-101.173217497342
1250,19.6639157,-101.1902298
1251,19.7194638,-101.1456499
1252,19.6876319,-101.2250534
1253,19.6994485,-101.2930171
1254,19.6793634,-101.2728079
1255,19.6944315,-101.2499344
1256,19.6985216791058,-101.251405046294
1257,19.6768975465242,-101.323145318577
1258,19.6667299,-101.1943074
1259,19.7039022,-101.1530477
1260,19.0732206,-101.5072085
1261,19.710425,-101.1886061
1262,19.7056496,-101.1902879
1263,19.6791149,-101.2200295
1264,19.690258,-101.1099744
1265,19.9501123,-100.1655848
1266,19.7188023,-101.227848
1267,19.6974012,-101.158247
1268,19.724275,-101.1646555
1269,19.6958480420155,-101.172346692212
1270,19.6738243950451,-101.221077564485
1271,19.8496415,-101.6286781
1272,19.7084027,-101.1611164
1273,19.5111317801172,-101.605175098382
1274,19.7690493602765,-101.158536016549
1275,19.6843757,-101.1959786
1276,19.7679035681958,-101.155319621441
1277,19.6483935,-101.1508674
1278,19.6866518,-101.1854012
1279,19.7638271,-101.1099213
1280,19.6875829,-101.2247957
1281,19.7078272,-101.2605423
1282,19.6638785,-101.2004611
1283,19.6744318614556,-101.193672846672
1284,19.6864327255161,-101.171596743499
1285,19.4023619,-102.0268843
1286,19.4000581,-99.1324958
1287,19.7078768,-101.2610874
1288,19.6725533,-101.2100297
1289,19.6957175,-101.1684442
1290,19.7021673,-101.3082558
1291,19.423583,-102.0835716
1292,19.7023146,-101.3080369
1293,19.6654563,-101.1972296
1294,19.6957375,-101.1684225
1295,20.0882718,-101.5216081
1296,19.6957406,-101.1684084
1297,19.6957388,-101.168424
1298,19.7214472865556,-101.195094340338
1299,18.0654271,-102.3634749
1300,19.3348865418998,-101.917514642121
1301,19.3348877964371,-101.917518197975
1302,19.7406615,-101.2007667
1303,19.8023128,-99.8603669
1304,19.802287,-99.8603737
1305,19.6641032154712,-101.196784820505
1306,19.7409237,-101.2057939
1307,19.7030281,-101.2716394
1308,19.6836527,-101.3059289
1309,19.7088212147507,-101.190030332748
1310,19.708866728488,-101.190006025229
1311,19.7088528980194,-101.189970711552
1312,19.4235829,-102.0835697
1313,19.8022912,-99.8603834
1314,19.6554277850149,-101.172640512586
1315,19.6667028,-101.194282
1316,19.7193119,-101.1456921
1317,19.712005,-101.1937032
1318,19.6675611,-101.2139517
1319,19.4363992,-100.3530914
1320,19.6667326,-101.1942852
1321,19.695616,-101.1574611
1322,19.706696,-101.171129
1323,19.6823826,-101.2471933
1324,19.6757063,-101.2172414
1325,19.6741401,-101.2409492
1326,19.6931338,-101.1919838
1327,19.8194213519051,-101.793761806786
1328,19.67544,-101.302128
1329,19.746621,-101.2015406
1330,19.7032632,-101.2288664
1331,19.6818523766799,-101.170603530606
1332,19.6634621,-101.1924063
1333,18.4800914,-100.9787313
1334,19.7183512,-101.1734072
1335,19.3358075,-100.4481557
1336,19.7133901,-101.1740234
1337,19.7134318,-101.1741391
1338,19.7040551,-101.2232675
1339,19.7071021,-101.2116624
1340,19.7130008640951,-101.186682130114
1341,19.9730245,-101.1488779
1342,19.9730127,-101.1488513
1343,18.0354645,-102.3257206
1344,20.6751707,-103.3473385
1345,19.71264,-101.2543111
1346,19.7087403,-101.1733124
1347,19.7087358,-101.1733195
1348,19.2521505,-101.6699248
1349,19.7326432,-101.1767731
1350,19.882489,-100.4544351
1351,19.7127446,-101.1968007
1352,19.6763084,-101.1891798
1353,19.6763119,-101.1891944
1354,19.651585,-101.196085
1355,19.6578898,-101.1854041
1356,19.664,-101.2228
1357,19.6965103,-101.1595935
1358,17.9552023,-102.1813195
1359,19.7078659,-101.2198025
1360,19.7077811,-101.2198011
1361,19.7012243,-101.2500888
1362,19.1645107,-101.9140361
1363,19.7012896,-101.2500592
1364,19.7077979,-101.2197736
1365,19.7116849,-101.2503337
1366,19.6768196407603,-101.323111014004
1367,19.69688,-101.2606196
1368,19.7116411,-101.2505464
1369,19.5832895,-101.4353591
1370,19.7116365,-101.2505815
1371,19.7009735,-101.2432496
1372,19.6798744,-101.180114
1373,19.6633263,-101.2049784
1374,19.6923938968951,-101.185639426182
1375,19.7180346148878,-101.099922469144
1376,19.6896855,-101.1844447
1377,19.4154956,-102.1251854
1378,19.6704764,-101.2398151
1379,19.5353462,-101.6189589
1380,19.7195395,-101.1458018
1381,19.8788362,-100.4517737
1382,19.6971474,-101.225424
1383,19.3114381,-101.8650083
1384,19.3106638,-101.8680912
1385,19.6691626371094,-100.637926686137
1386,19.4179585053742,-101.290596167411
1387,19.7113601,-101.2292894
1388,19.496031,-101.333851
1389,21.1375548,-101.646382
1390,19.6993485,-101.1657091
1391,19.7116329,-101.2505708
1392,19.7125054,-101.2542999
1393,19.4479956,-100.3593738
1394,19.6823735,-101.2472198
1395,19.4291009113599,-102.044582121953
1396,19.444182,-100.3559325
1397,19.4238556,-102.0068861
1398,19.6845853,-101.216537
1399,19.7581397,-101.1439482
1400,19.7040039,-101.2007005
1401,19.703258,-101.2087259
1402,19.4259536,-102.0649363
1403,19.6644886,-101.1796668
1404,19.7175086,-101.2401312
1405,19.7550193,-101.2045101
1406,19.6992913,-101.196072
1407,19.7060601,-101.1995903
1408,20.6178448,-100.4498244
1409,19.7091282,-101.1661945
1410,19.7110272162819,-101.22614465916
1411,19.3360464,-101.9183212
1412,19.6910134,-101.2669353
1413,19.6840376,-101.1282762
1414,19.7606244,-101.1423992
1415,19.5129224,-101.6086465
1416,19.5085192,-101.6083536
1417,19.7477781,-101.2009767
1418,19.6963805,-101.159304
1419,19.7032867,-101.2288919
1420,19.7660837,-101.1230104
1421,19.7657194,-101.1235381
1422,19.6896953,-101.1845036
1423,19.6814901,-101.074565
1424,21.0890824,-101.6081653
1425,19.7661595,-101.1226673
1426,19.7005065,-101.1904288
1427,19.7019943,-101.1664379
1428,19.6896977,-101.1845055
1429,19.7569073,-101.2224298
1430,19.7090329,-101.1662331
1431,19.7596411,-101.1388825
1432,19.6486274,-102.0483766
1433,19.6504931,-101.2432159
1434,19.7568664,-101.2224692
1435,19.6653617,-101.1939296
1436,19.6754098,-101.3022366
1437,20.5140123,-103.2114647
1438,19.334911175843,-101.91754134369
1439,19.7550659,-101.2045774
1440,20.0545449,-102.7232613
1441,19.7562063,-101.2040374
1442,19.6213307842041,-100.611847786249
1443,19.6508845,-101.1927539
1444,19.6508556,-101.1921709
1445,19.6509978,-101.1927625
1446,19.65061,-101.1928239
1447,19.650971,-101.1928336
1448,19.6954604,-101.1889954
1449,19.4103425,-102.0586384
1450,19.4103487,-102.0586302
1451,19.8186991643345,-101.800275212248
1452,19.6509434,-101.1928122
1453,19.6824939,-101.2471321
1454,19.7140385,-101.1814851
1455,19.4077994,-102.0487362
1456,19.707955,-101.1706836
1457,19.1645105,-101.9140272
1458,19.16451,-101.9140266
1459,19.1645103,-101.9140255
1460,19.1645109,-101.9140273
1461,19.7481343,-101.2004694
1462,19.1645123,-101.914023
1463,21.1505585,-101.6696434
1464,19.6808616,-101.2179539
1465,20.5245317679853,-103.300130700795
1466,19.6516317,-101.191267
1467,19.6517729,-101.191389
1468,19.7610943771098,-101.207757772678
1469,19.7246529,-101.2298111
1470,19.6891404190819,-101.095342922147
1471,19.6666329,-101.2686181
1472,19.4207215,-102.1331186
1473,19.6703327764923,-101.226365784385
1474,19.3427387,-101.9311248
1475,18.0124162,-102.2149212
1476,19.670332776489,-101.226365784387
1477,19.7366666,-101.1122308
1478,19.7366905,-101.1122089
1479,19.6928178,-101.1866231
1480,19.7099202,-101.2158996
1481,19.7521002,-101.2008808
1482,19.7195262,-101.1715124
1483,20.5139441,-103.2114613
1484,19.7211657,-101.2071743
1485,19.6754842,-101.3022046
1486,19.6965297,-101.1596278
1487,19.7633438,-101.2135775
1488,19.6679346088363,-101.240842504889
1489,19.7013393,-101.153809
1490,19.6772846,-101.2168123
1491,19.6965038,-101.1596763
1492,19.6541113,-101.1897352
1493,19.6928537,-101.1865111
1494,19.6769839385707,-101.241959994753
1495,19.9639639639639,-101.16003570984
1496,19.0939612,-101.5218831
1497,19.6923911,-101.1870694
1498,19.6886211,-101.1904538
1499,19.4270848819071,-102.056117494097
1500,19.6886035,-101.1904315
1501,20.679787,-103.2193454
1502,19.7082659,-101.1699268
1503,19.6899076,-101.2797078
1504,19.758438,-101.2060819
1505,19.7058294,-101.2035735
1506,19.6869964,-101.1462676
1507,19.2821610923891,-99.2307490275617
1508,19.736697,-101.1122105
1509,19.7367027,-101.1122357
1510,19.6960915647169,-101.162749151943
1511,19.7038642,-101.192063
1512,19.4961234866099,-101.589815496783
1513,19.6823624,-101.2471706
1514,19.6729924,-101.2306637
1515,19.7655273,-101.1117927
1516,19.6881053,-101.1876745
1517,19.6792847,-101.2727057
1518,19.7466185,-101.2015318
1519,19.6837880542728,-101.216429476074
1520,19.6864630836861,-101.171613284847
1521,19.6754919,-101.3022047
1522,19.7172466,-101.1664374
1523,19.7551747,-101.2046815
1524,19.6821706,-101.2509804
1525,19.7194243,-101.2159414
1526,19.695721,-101.1684322
1527,19.4285911020357,-99.1525857295061
1528,19.6794462362718,-101.21813936031
1529,19.6960894,-101.1627018
1530,19.6593016,-100.0245533
1531,19.7637908,-101.1959003
1532,19.7053771,-101.1741262
1533,19.6587083,-100.0238433
1534,19.583288,-101.435359
1535,19.6885852,-101.1904938
1536,21.1504328927962,-101.69178533521
1537,19.6845563,-101.2138594
1538,19.7612474,-101.2057635
1539,19.684565,-101.2138596
1540,19.7612341,-101.2057967
1541,19.6845994,-101.2136849
1542,19.6845227,-101.2138138
1543,19.8183108,-101.5837176
1544,19.6602867,-101.1929766
1545,19.7082313,-101.1700718
1546,19.2739273,-101.4789544
1547,19.7038989,-101.1540559
1548,19.7117319,-101.2067412
1549,19.701127,-101.1725059
1550,19.7011262,-101.1725062
1551,19.7405929,-101.1781939
1552,19.6517839,-101.1913062
1553,19.6844943,-101.2138427
1554,19.6845731,-101.2138586
1555,19.6930289,-101.1401848
1556,19.6946169,-101.1406952
1557,19.6629204,-100.0315959
1558,19.6655732,-100.0301974
1559,19.7273291,-101.1786341
1560,20.7982021,-101.8428814
1561,19.7030856,-101.1764202
1562,19.6762786,-101.1890643
1563,20.6536704,-103.3699328
1564,20.6621058,-100.46169
1565,19.6719669,-101.2251491
1566,19.5144622,-101.6090164
1567,19.6756756756756,-101.206376277718
1568,19.6876059,-101.2247714
1569,19.7612048,-101.2057675
1570,19.6822212,-101.0546061
1571,19.7582425,-101.1470118
1572,19.6517217,-101.191323
1573,19.6516892,-101.1913549
1574,17.9653831,-102.2090839
1575,19.6835497,-101.1673192
1576,19.6836776,-101.1671079
1577,19.6870585,-101.1615393
1578,19.6910117,-101.26702
1579,19.6957386,-101.1684327
1580,19.9127936,-100.0059908
1581,19.4182488,-102.0194507
1582,20.6801707,-103.2192764
1583,19.4102669,-102.0587565
1584,19.6867752,-101.1854206
1585,19.7057318,-101.1808353
1586,19.6705872,-101.2092717
1587,19.4944592,-101.335773
1588,19.7482222,-101.2006665
1589,19.4102623,-102.0587787
1590,19.7001541,-101.1902968
1591,19.7287376,-101.2210108
1592,19.8643405,-100.6926935
1593,19.7022646,-101.2124241
1594,19.7022878,-101.2123972
1595,19.7022295,-101.2124268
1596,19.7022447,-101.2124124
1597,19.6740631,-101.1903495
1598,19.6742505,-101.2409843
1599,20.6809104,-103.2919462
1600,19.692949,-101.1838262
1601,21.0726039,-101.5969749
1602,19.7247156,-101.2101121
1603,19.694353,-101.1841458
1604,19.72869,-101.2210163
1605,19.6719329,-101.2984576
1606,19.7247209,-101.2101088
1607,19.7044468,-101.2252246
1608,19.7021423,-101.3082803
1609,19.7247206,-101.210118
1610,19.6704991,-101.2398119
1611,19.7247234,-101.2101104
1612,19.508554,-101.6180267
1613,19.7284954,-101.2018233
1614,19.6554264903492,-101.172641405813
1615,19.683992,-101.2035121
1616,19.7016179,-101.2116855
1617,20.6809613,-103.2196419
1618,19.7083027,-101.1550548
1619,19.6721447399593,-101.221426774434
1620,19.7091828,-101.2214497
1621,19.583279,-101.435348
1622,19.6850017309361,-101.19958362787
1623,19.7126064,-101.2543094
1624,19.6754443,-101.3022039
1625,19.6840502,-101.128282
1626,19.639728,-101.2774005
1627,19.7018706,-101.1922393
1628,19.688658,-101.1607262
1629,19.6864757682221,-101.171558008711
1630,19.6961259,-101.1627335
1631,19.7012837,-101.2500695
1632,19.6760698,-101.2459335
1633,19.7095936,-101.2135188
1634,19.7095729,-101.2144183
1635,19.6754398,-101.302201
1636,19.7004496,-101.2676408
1637,19.7010896,-101.172507
1638,19.7051576600815,-101.174148329351
1639,19.6667191,-101.1942897
1640,19.8155674,-101.7991188
1641,19.8155655,-101.7991176
1642,19.4822728,-101.7441576
1643,19.7404252,-101.079368
1644,19.7404238,-101.0793625
1645,19.416179,-102.0385741
1646,19.6983793,-101.242823
1647,19.6668603,-101.5293597
1648,19.6667182,-101.1942849
1649,19.7732224,-101.1346389
1650,19.7732492,-101.1346439
1651,20.304292,-102.4841004
1652,20.7028224,-103.448576
1653,19.708822710654,-101.172708677933
1654,19.7088722400039,-101.173074468131
1655,19.2322460456899,-101.448050439808
1656,20.6336887549113,-100.393877196933
1657,19.3114511,-101.8649979
1658,19.6959705329292,-101.162706780837
1659,19.4904927956359,-101.594077898288
1660,20.7207207207207,-100.751211781817
1661,19.5816187,-99.0670596
1662,19.6960901018104,-101.162745469545
1663,19.6962269886839,-101.162686110317
1664,20.3263058,-103.5782204
1665,19.7062518,-101.1721656
1666,20.0151632,-101.1587274
1667,20.6667776,-103.3732096
1668,19.1645111,-101.9140252
1669,19.6837847,-101.1758066
1670,19.6885477,-101.2619306
1671,20.0019747,-101.1666204
1672,19.3424367,-101.9306181
1673,19.6959861,-101.1625794
1674,21.1012348,-101.7326899
1675,19.6961391,-101.1627448
1676,19.2889684,-99.0436511
1677,19.6972225,-101.1584698
1678,21.0634192,-101.6047686
1679,20.5134014,-100.8324485
1680,19.6975642,-101.15815
1681,19.6958874202196,-101.162722398968
1682,19.7034166,-101.2183892
1683,19.6961179,-101.1627355
1684,19.7195808,-101.1457817
1685,19.666976,-101.5292188
1686,19.7123737903196,-101.218962535075
1687,19.5832888,-100.338738
1688,19.708533,-101.2142089
1689,19.5832657,-100.3384932
1690,19.9747291,-100.0535784
1691,20.6998949,-103.2944064
1692,19.9747206,-100.0535778
1693,19.6862525,-101.1968046
1694,20.0902361802872,-101.513151253516
1695,20.0902290170609,-101.513159989835
1696,19.8477997,-102.116378
1697,20.1308317,-103.5308759
1698,20.1308204,-103.5308739
1699,20.1308644,-103.530904
1700,19.7272652,-101.1786289
1701,19.3141588,-100.4335099
1702,19.3203804,-100.4338611
1703,19.3200738,-100.4328075
1704,19.3128569,-100.4335159
1705,19.68416,-100.5445721
1706,19.697075,-101.2254398
1707,19.7866603,-100.975908
1708,20.0365848,-102.7271127
1709,20.0019726,-101.1666067
1710,19.7085477,-101.2142067
1711,19.7174809,-101.2401368
1712,20.5405367,-100.440029
1713,19.3158712,-100.4314327
1714,19.315853,-100.4313087
1715,19.3160101,-100.4313743
1716,19.3159995,-100.4313589
1717,19.3160138,-100.4313622
1718,19.7083435,-101.2140876
1719,19.7275463,-101.1143276
1720,19.9747258,-100.0535641
1721,19.9747349,-100.0535611
1722,19.7073651,-101.2155247
1723,19.6766111,-101.2526547
1724,19.7073453,-101.2155551
1725,19.6904992,-101.1881238
1726,19.7198451,-101.2413094
1727,19.6719845,-101.2251689
1728,19.7285257,-101.2018058
1729,19.9669753294157,-101.177263190947
1730,19.6981466,-101.1565052
1731,20.7663240529175,-100.335932879608
1732,19.6981668,-101.1564729
1733,19.6929484,-101.1873411
1734,19.7745251,-100.2357451
1735,19.6961212,-101.2890606
1736,19.689712,-101.1844566
1737,19.7394224,-101.1958499
1738,19.7394218,-101.1958611
1739,19.7394221,-101.1958555
1740,19.7434993,-101.1318345
1741,19.570763,-100.2776476
1742,19.5707642,-100.2776438
1743,19.6876249,-101.2247939
1744,19.6465889,-101.2300056
1745,19.6953699,-101.1882084
1746,19.6465848,-101.2300107
1747,21.1351232,-101.7079172
1748,21.1351279,-101.7080063
1749,19.6953734,-101.1881898
1750,19.2954901,-101.9299071
1751,19.6832606,-101.1706834
1752,19.2954616,-101.9297482
1753,19.8077053,-100.8868693
1754,19.6961295,-101.1627409
1755,19.9664507,-101.1400558
1756,19.6953408,-101.1881543
1757,19.9637735,-101.0601
1758,19.6957484,-101.1618177
1759,19.6740642,-101.2409594
1760,19.6662905,-101.1948541
1761,19.6827544,-101.1859009
1762,19.693099,-101.2223284
1763,19.7138589,-101.206112
1764,19.6822964,-101.0842784
1765,19.6961266,-101.1627108
1766,19.7165696,-101.1634365
1767,19.6719481,-101.2095383
1768,19.6727751,-101.2100789
1769,19.7044113,-101.1776802
1770,19.6322884,-101.2852506
1771,19.7197922,-101.2411726
1772,19.7181133,-101.1605336
1773,19.6978535,-101.2735211
1774,19.7073696,-101.2155495
1775,19.7000395,-101.177893
1776,19.6988125,-101.1835037
1777,20.3250524,-103.5669643
1778,19.6839086,-101.2570474
1779,19.7308462,-101.2200887
1780,19.6724374177041,-101.215138328658
1781,19.7435495,-101.1265843
1782,19.6883777,-101.1612969
1783,19.6961287,-101.1627008
1784,17.705725,-101.6137028
1785,19.3528396,-99.1852848
1786,19.6876241,-101.2248045
1787,20.5140109,-103.2114522
1788,19.5111466636193,-101.605149777948
1789,19.3931843166305,-102.027219331908
1790,19.6971391,-101.2254087
1791,19.4271497861041,-102.056111945179
1792,19.6512063330915,-101.159936180231
1793,19.3350409,-101.9175265
1794,20.5508802436107,-100.400432876117
1795,19.6688857,-101.1817696
1796,19.423864,-102.0068919
1797,19.712381957929,-101.218942461423
1798,19.6768975911999,-101.323147849246
1799,19.0977766666666,-101.512286666666
1800,19.9861082,-102.2900066
1801,19.7407324,-101.0798363
1802,19.7041254,-101.1818438
1803,19.7720102,-101.1903171
1804,19.7720449,-101.1902667
1805,20.5489437,-100.3959138
1806,19.4282395,-102.0394842
1807,19.6961004117101,-101.162738408639
1808,20.5689387,-101.2000415
1809,19.4594594594594,-100.344549621022
1810,19.5454225,-100.4732032
1811,19.0743022091099,-101.496462008814
1812,19.8574707325558,-100.821843506096
1813,19.7029383,-101.180058
1814,19.8031837,-99.8976086
1815,18.973170323315,-101.763503886854
1816,19.9747282,-100.0535817
1817,19.6688757125369,-101.216624256867
1818,19.7029229,-101.1800301
1819,19.2512078,-100.4236771
1820,19.9031354,-100.0070686
1821,19.7057699,-101.2034307
1822,21.084349,-101.6606175
1823,19.3083951,-101.8653009
1824,19.3083854,-101.8653541
1825,18.9678815,-98.2531449
1826,18.9679204,-98.2530941
1827,19.3083861,-101.865347
1828,19.9384616,-100.1763822
1829,19.2063522,-101.7096716
1830,19.4371505,-100.3588699
1831,20.7427833,-100.4451
1832,19.8123262,-102.7013745
1833,21.0975658,-101.6428218
1834,19.3336109,-101.9187728
1835,19.694812,-101.1968123
1836,20.5784514,-101.1559531
1837,19.5677609,-100.464162
1838,19.5855855855855,-101.302627552494
1839,19.727119,-101.2104891
1840,19.726576,-101.2088858
1841,19.4113852,-102.0127748
1842,19.7359546812008,-100.932939456044
1843,19.5632864900163,-100.453239069011
1844,19.6924547726754,-101.193176788473
1845,18.9665767,-101.8024401
1846,20.001972,-101.1666103
1847,19.6888393,-101.1883921
1848,19.424111,-102.1345051
1849,19.3323887,-101.9209217
1850,19.7482408,-101.0466138
1851,19.4479026,-99.2344931
1852,19.295478,-101.9299004
1853,19.4478462,-99.2344418
1854,19.4211742,-102.1329795
1855,19.7289295,-101.1043891
1856,19.5803215,-100.3405679
1857,19.6870135,-101.1818943
1858,19.4108713,-102.0127974
1859,19.4108796,-102.012791
1860,19.7009338,-101.0313473
1861,19.7010780594801,-101.18390038623
1862,19.4150288043259,-102.130188124141
1863,18.937742,-101.6815363
1864,19.9522694,-100.1647831
1865,19.4282494,-102.0395194
1866,19.4282348,-102.0395221
1867,19.7866617,-100.9759373
1868,19.6831007,-100.5494768
1869,18.9377455,-101.6815364
1870,19.704189,-101.1509308
1871,19.7841978,-100.9671159
1872,17.9672667,-102.1976622
1873,19.6719128,-101.2984225
1874,20.0030586,-101.1710189
1875,19.9648826,-101.1419977
1876,19.5803253,-100.3405686
1877,19.4206705,-102.1305983
1878,18.9553821,-101.814087
1879,19.8004182,-100.9146233
1880,20.7878435,-100.4940646
1881,19.8004265,-100.9145796
1882,19.2954771,-101.9299023
1883,19.4206771,-102.1305543
1884,18.9665788,-101.8024675
1885,19.4975962,-101.3352741
1886,20.6222857,-103.2432891
1887,19.7462204951878,-101.20026793172
1888,19.4206824,-102.1331514
1889,20.6384435,-100.3399403
1890,19.1407789,-101.4689176
1891,38.209726374615,-83.5519464680646
1892,20.6357736,-103.2872798
1893,19.6974065,-101.2586797
1894,19.4501760761396,-99.9993629134216
1895,20.7663927084941,-100.335749290645
1896,19.9339837,-102.3090717
1897,19.3311902086583,-101.918048178203
1898,19.4206961,-102.1306891
1899,19.541181,-100.4842029
1900,19.8566314,-100.8299066
1901,19.8564725,-100.82997
1902,19.8566325,-100.8299199
1903,19.8565387,-100.8299113
1904,17.9612124,-102.2122082
1905,19.5411986,-100.4841686
1906,19.8570728628523,-100.827072571364
1907,19.331186040157,-101.91805255809
1908,19.8822299,-100.648214
1909,19.9747239,-100.0535796
1910,19.6636656188536,-101.522168037198
1911,19.6636658189808,-101.522168977088
1912,19.6636664317773,-101.522172139326
1913,19.6637047833191,-101.522279706447
1914,18.9695251,-101.8052045
1915,19.21829,-101.5168138
1916,20.231331,-102.4855913
1917,19.7066752,-101.154816
1918,19.9644605,-101.1421694
1919,19.6635918232736,-101.522131284374
1920,19.8117236,-100.8943697
1921,21.1004391,-101.681089
1922,19.0896294,-101.5219236
1923,19.8328986,-101.3388613
1924,18.9664349,-101.8043238
1925,19.2186924,-101.7023678
1926,19.7244370729437,-101.189096571634
1927,19.342752,-101.9311304
1928,19.2186897,-101.7023702
1929,18.8973086,-98.4366648
1930,20.9052659,-100.7293386
1931,19.7189547,-101.1945502
1932,19.6897033,-101.1845041
1933,20.0049465,-100.731538
1934,19.7438411090318,-101.172760535924
1935,19.6882837,-101.2145488
1936,19.7341885,-101.1812076
1937,17.6496474,-101.534606
1938,20.6357383,-103.2873006
1939,20.6357441,-103.2872951
1940,19.6768963031621,-101.323147820685
1941,20.6357098,-103.2872989
1942,19.7341871,-101.1812038
1943,19.6880209,-101.1575731
1944,20.620186,-103.2430232
1945,19.4976371,-101.3352397
1946,20.6915678,-103.327175
1947,19.7438481690278,-101.172778958409
1948,19.3771592,-99.0180529
1949,19.6960329,-101.2102807
1950,19.7020554,-101.2131456
1951,19.7284652,-101.2018051
1952,19.6602657,-101.192925
1953,19.6866084,-101.185339
1954,19.6587327,-101.1845494
1955,19.7201871,-101.2038355
1956,19.6779759,-101.3079828
1957,19.7052072,-101.1768314
1958,19.6876174,-101.2248012
1959,19.7058172,-101.2035817
1960,19.6836199,-101.1762407
1961,25.6601074,-100.2589154
1962,19.7468732,-101.1470668
1963,25.6601091,-100.2589128
1964,19.6858608415916,-101.138781725173
1965,20.6556947,-103.2323802
1966,19.6614086,-101.1785194
1967,19.6410632,-101.2354517
1968,20.6761110850616,-100.745459186888
1969,20.5140119,-103.2114707
1970,20.6691855,-103.2351993
1971,19.086419,-102.3636455
1972,19.393275,-102.0272798
1973,19.672144,-101.2119262
1974,19.7576943,-101.1453751
1975,19.4235915,-102.0835746
1976,19.6597068,-101.1783322
1977,19.5382653,-101.6159148
1978,19.7242787,-101.1647575
1979,19.6820708,-101.1792968
1980,19.6892868,-101.2612947
1981,19.7085305,-101.2142052
1982,19.738974,-101.199646
1983,18.018952,-102.2137253
1984,18.0189372,-102.2137086
1985,18.0189135,-102.2137021
1986,19.6632119,-101.1925009
1987,19.2274342,-101.4476606
1988,19.0959038,-101.5225146
1989,19.687686,-101.1283492
1990,19.6876084,-101.1283423
1991,19.6876478,-101.1283404
1992,19.7319064,-101.1043639
1993,19.721446981405,-101.195135999286
1994,19.6876915,-101.1283329
1995,19.7467,-101.2015267
1996,19.7297297297297,-101.125723675523
1997,19.6632767,-101.1924326
1998,19.6768171,-101.1899872
1999,19.6982393,-101.1673123
2000,19.7050086,-101.2370522
2001,19.6858923090805,-101.138696372603
2002,19.6986786,-101.112335
2003,19.739837,-101.1785479
2004,19.6960831,-101.276841
2005,19.7066054195752,-101.171142453982
2006,19.706649041164,-101.171118980121
2007,19.6862651,-101.1905838
2008,19.6841971,-101.1509529
2009,19.4090288,-102.0113042
2010,19.6959992,-101.1625682
2011,19.69473,-101.1625045
2012,19.729639,-101.220488
2013,19.696021000000002,-101.162697
2014,19.6961035,-101.1627652
2015,19.6960739,-101.1627516
2016,19.6841965,-101.1513289
2017,19.6878881,-101.1543976
2018,19.7242822,-101.1646826
2019,20.6351992,-100.4582456
2020,19.660291,-101.1930318
2021,19.8081101,-102.7057992
2022,19.964423,-101.1423281
2023,19.7132635,-101.1639449
2024,19.7078652,-101.2610584
2025,19.7002977,-101.2164782
2026,19.6664666,-101.1951181
2027,19.8121916,-102.701903
2028,19.6603292,-101.1929526
2029,19.7266987,-101.0939967
2030,19.4150288043265,-102.130188124145
2031,19.7142882627645,-101.21362625229
2032,20.1314212,-101.1898117
2033,20.1314225,-101.1898157
2034,19.4235909,-102.083573
2035,19.6971423,-101.2254394
2036,17.6747799,-101.5847005
2037,19.700353843109,-101.256086104096
2038,19.3360654,-101.9182996
2039,19.440729,-100.359655
2040,19.6896668,-101.1844602
2041,20.589372,-101.1190983
2042,19.4130856743682,-100.390321103654
2043,19.7347957,-101.2256282
2044,19.2521586,-101.6699285
2045,19.2521579,-101.6699269
2046,19.6885401,-101.2619436
2047,19.6602885,-101.1929842
2048,19.4238742,-102.0068662
2049,19.6982225,-101.2428912
2050,19.6969668,-101.1422056
2051,19.0573343,-98.1808944
2052,19.6587478,-101.1845867
2053,19.0148993,-98.2616052
2054,19.7384407383049,-101.19931917708
2055,19.7383509076302,-101.199243915351
2056,19.4000553,-99.1324277
2057,19.494737,-101.3331095
2058,20.9649272,-101.4536127
2059,20.9575948,-101.4426098
2060,20.6700544,-103.3764864
2061,19.7524119,-101.1416264
2062,19.7524172,-101.14165
2063,19.7082528,-101.2556559
2064,19.7083402,-101.255594
2065,19.684054,-101.128282
2066,19.7374388,-101.1681743
2067,19.7179419,-101.2071184
2068,19.7286965,-101.1453003
2069,19.7482587,-101.2005881
2070,19.6886026,-101.1906131
2071,19.6849594,-101.2230833
2072,17.9889161,-102.2224504
2073,17.9884776,-102.2218932
2074,19.5382629,-101.6159196
2075,19.6944834,-101.1504558
2076,19.6614159,-101.1785159
2077,19.7668383,-101.1181791
2078,19.5111428463475,-101.605171808545
2079,19.5111498627444,-101.605192784538
2080,19.5111461037518,-101.605180832325
2081,19.8017386,-101.174027
2082,19.4479903,-100.3594522
2083,19.205283,-101.7029795
2084,19.2052826,-101.7029794
2085,19.7117078,-101.2140651
2086,19.7637851,-101.1098186
2087,19.7035469,-101.2015589
2088,19.7208782,-101.2186281
2089,19.6990646,-101.2377174
2090,19.7296291,-101.2175941
2091,19.7284898,-101.2018141
2092,19.7060193,-101.2471693
2093,19.7284863,-101.2018059
2094,19.6750039,-101.3083084
2095,19.7018373,-101.1644726
2096,19.7018487,-101.1644884
2097,19.7018599,-101.1644546
2098,19.7018458,-101.1644514
2099,19.7018767,-101.1644815
2100,19.7018682,-101.1645232
2101,19.7019447,-101.1646296
2102,19.6978366,-101.2735589
2103,19.6750123,-101.3009029
2104,19.7098753,-101.2219452
2105,19.7098842,-101.221925
2106,18.0150492,-102.2130842
2107,18.0149189,-102.2129873
2108,18.0148375,-102.2130811
2109,19.7040986,-101.2171031
2110,19.765514,-101.1117767
2111,19.6631081,-101.1976551
2112,19.6682896,-101.2124618
2113,20.6969041,-103.3831517
2114,20.6967682,-103.3831591
2115,19.73462,-101.1846933
2116,19.7357063,-101.1750872
2117,19.7202218,-101.188541
2118,19.6882886,-101.214551
2119,19.6882833,-101.2145503
2120,19.6928184,-101.1865851
2121,19.6928224,-101.1865546
2122,19.6928128,-101.1865602
2123,19.6928068,-101.1865778
2124,19.6928236,-101.1865839
2125,19.6928314,-101.186565
2126,19.6928124,-101.1865877
2127,21.1714871,-101.765291
2128,19.7110924,-101.1850877
2129,19.6770768,-101.2483157
2130,19.7606259,-101.1423921
2131,19.7606265,-101.142407
2132,19.6835852,-101.2159373
2133,19.4976324,-101.3352224
2134,19.7078323645211,-101.195998233255
2135,19.5153017,-101.6105545
2136,19.7407589,-101.0798454
2137,18.3666365733541,-100.667010471318
2138,18.366566291096,-100.667136032228
2139,19.7242678,-101.1646726
2140,19.70854,-101.2141982
2141,19.7085523,-101.2142389
2142,19.6668846,-101.2005147
2143,19.7059055,-101.2035785
2144,19.6535613,-101.1965772
2145,19.7287147,-101.2209616
2146,19.6732701,-101.1911678
2147,19.6908231,-101.151884
2148,19.6882887260139,-101.154105579514
2149,19.7320661,-101.1043453
2150,19.6819471,-101.1935222
2151,19.9684596,-101.1368379
2152,19.9684616,-101.1368201
2153,20.6329375,-103.2453548
2154,19.6857631,-101.1642155
2155,19.6951097627042,-101.159037476841
2156,19.5382623,-101.6159202
2157,19.7320112,-101.1043378
2158,19.7320405,-101.1043081
2159,19.7053516639522,-101.157526140766
2160,19.6596938688191,-101.196647782097
2161,19.7962272,-101.1625452
2162,19.6734888,-101.1901932
2163,19.6602956,-101.1929727
2164,19.6613304093364,-101.178446170702
2165,19.6541775,-101.1928089
2166,19.6804567,-101.181091
2167,19.6857472,-101.1642321
2168,19.6603358,-101.2004884
2169,20.6819198,-103.2891262
2170,19.680367,-101.2163978
2171,19.6769000269596,-101.3231487116
2172,19.4966046,-101.6051182
2173,19.6960976060864,-101.162714897687
2174,19.7055302,-101.1730726
2175,19.4225885,-102.0827973
2176,19.4225898,-102.0827959
2177,25.023487613959,-103.347338499999
2178,19.721081,-101.1854791
2179,20.6656843,-100.4027409
2180,19.7082057,-101.2556728
2181,19.7082051,-101.255678
2182,19.708231,-101.2556584
2183,19.7082104,-101.2556711
2184,19.7082097,-101.2556797
2185,19.7082088,-101.2556854
2186,19.7082277,-101.25567
2187,19.7082176,-101.2556725
2188,19.7082126,-101.2556736
2189,19.7082243,-101.255674
2190,19.7082067,-101.2556783
2191,19.7082076,-101.2556798
2192,19.7082161,-101.2556787
2193,24.8637536184475,-103.347338499999
2194,24.845044453025,-103.347338499999
2195,24.8454314990164,-103.347338499999
2196,24.8468280248641,-103.347338499999
2197,19.7250275,-101.1406911
2198,19.695992,-101.1625914
2199,20.6333919,-100.4626082
2200,19.6962348,-101.1625873
2201,19.0977662,-101.5173859
2202,19.7083623,-101.2140788
2203,19.7021728,-101.1705213
2204,19.695723,-101.162586
2205,19.695892,-101.162399
2206,19.695501,-101.162694
2207,19.696011,-101.1626433
2208,19.0972254,-101.5216353
2209,20.5683227,-100.3265412
2210,19.7708081,-101.1622844
2211,19.207420722508,-100.573258501978
2212,19.207399970594,-100.573266595783
2213,19.2073799749165,-100.573253011474
2214,19.6982331,-101.1765143
2215,19.4341694,-100.3684341
2216,19.722596,-101.1666772
2217,19.7224,-101.16659
2218,19.7013788,-101.1555288
2219,19.7048417,-101.1957283
2220,19.6930496,-101.1773213
2221,19.7225915,-101.1666548
2222,19.6960813,-101.1627051
2223,19.6808685,-101.223025
2224,19.423299,-102.0835928
2225,19.4113015,-102.0658507
2226,19.4113455,-102.0657926
2227,19.6927844,-100.0955978
2228,19.698703,-100.0819541
2229,19.6961286,-101.1627525
2230,19.6961012,-101.1627
2231,19.6937217,-101.1799126
2232,19.6824253,-101.1919292
2233,20.5672186,-101.4481065
2234,19.6937297,-101.1799197
2235,20.6320794,-100.2608019
2236,20.6320739,-100.2608125
2237,20.6320656,-100.2607805
2238,20.6320659,-100.2608064
2239,21.1208857,-101.6622687
2240,21.1211277,-101.6622499
2241,19.5202848,-101.6040102
2242,19.5202862,-101.6040097
2243,19.5202821,-101.6040095
2244,19.520285,-101.6040078
2245,19.52029,-101.6040088
2246,19.5202854,-101.6040109
2247,19.7100976,-101.1892132
2248,19.7101399,-101.1892401
2249,19.656351543405,-101.156305867211
2250,19.6900283,-100.5594471
2251,19.6900322,-100.5594515
2252,19.6900276,-100.559444
2253,21.1205414,-101.6675733
2254,21.1206133,-101.6675821
2255,21.1205547,-101.6676002
2256,21.1205415,-101.6676716
2257,21.1205109,-101.6676056
2258,21.120511,-101.6675881
2259,21.1204913,-101.6675967
2260,19.7109457,-101.1814091
2261,19.7375074,-101.1681651
2262,19.6935935,-101.1580255
2263,19.6990886,-101.226754
2264,19.693655,-101.1580567
2265,19.7225652,-101.1666677
2266,19.7226477,-101.1667029
2267,19.4235893,-102.0835721
2268,19.6931946,-101.1907976
2269,19.6932578,-101.190823
2270,19.6932556274262,-101.190813428673
2271,19.6932586,-101.1908439
2272,19.6931556,-101.1907864
2273,20.2410699,-102.4729912
2274,19.6956053,-101.2659371
2275,19.3119797,-100.4341737
2276,19.7136002,-101.1636304
2277,19.7062637,-101.1730726
2278,19.6899534,-100.5594682
2279,20.5689007,-101.2000497
2280,20.5688982,-101.2000373
2281,19.4161554,-102.0386046
2282,19.4161713,-102.0385841
2283,19.4161675,-102.038581
2284,19.3113765,-100.4337791
2285,19.311376,-100.4337843
2286,19.3113818,-100.433781
2287,18.9600576,-98.269622
2288,19.3113834,-100.4337865
2289,19.3113792,-100.4337821
2290,20.5587207,-100.3983623
2291,19.9691158,-101.1397634
2292,19.6953573,-101.1882193
2293,19.6731591,-101.3949386
2294,19.4326077,-99.133208
2295,19.7027599,-101.2320431
2296,19.6979424,-101.2548997
2297,19.7044291,-101.1776794
2298,19.697495,-101.158279
2299,21.5180306670814,-103.347338499999
2300,21.5177599710301,-103.347338499999
2301,21.5176562194944,-103.347338499999
2302,21.5181013085645,-103.347338499999
2303,21.510611012775,-103.347338499999
2304,21.5104739250897,-103.347338499999
2305,21.5124596114552,-103.347338499999
2306,21.510887964058,-103.347338499999
2307,19.8124457,-102.7013821
2308,20.5331768,-100.4012348
2309,20.564635,-100.3832486
2310,20.5490306,-100.4059565
2311,21.0872693,-101.625181
2312,21.0872687,-101.6251762
2313,19.7046717,-101.1736789
2314,19.7449791,-101.2167972
2315,20.6726332755453,-100.749448784446
2316,20.672637761066,-100.749454022344
2317,19.4480957,-99.2344446
2318,19.4106734,-102.0129661
2319,19.7404768,-101.2090662
2320,19.3342212,-101.9167397
2321,19.3342178,-101.916743
2322,19.3342173,-101.9167439
2323,19.3342155,-101.9167486
2324,20.5585585585585,-101.182681855005
2325,21.1184969,-101.7320626
2326,21.1185039,-101.7320782
2327,19.7347744,-101.1378938
2328,19.6953705,-101.1881128
2329,19.581068899999998,-100.3391856
2330,18.6219402,-100.8935407
2331,19.8477861,-102.1163583
2332,21.1022286,-101.5862444
2333,20.733712,-100.4442204
2334,19.1008265,-98.3389008
2335,19.6904423,-101.2578485
2336,19.6904404,-101.2578512
2337,20.6420887,-100.394536
2338,19.8805718,-100.4551185
2339,19.4235921,-102.0835844
2340,18.9622997,-101.80091
2341,19.2073107,-101.7088824
2342,19.8031889,-99.8976548
2343,19.2073519,-101.7088433
2344,20.6399288,-100.3953657
2345,20.6399839,-100.3953693
2346,19.8069632,-102.7055144
2347,19.4235898,-102.0835789
2348,19.5118541772571,-101.722399261671
2349,19.5119333022441,-101.722407384146
2350,19.5118547974782,-101.722399039751
2351,19.5119551298961,-101.722396699689
2352,19.5118540843331,-101.722399243963
2353,20.6716013,-103.3007454
2354,19.3427505,-101.9311495
2355,19.8917046,-100.4457958
2356,19.8948332,-100.4622982
2357,21.0843354,-101.5530206
2358,19.2075723,-101.7091159
2359,19.2074068,-101.7089954
2360,19.6840777,-101.2163266
2361,19.6982158,-101.2429305
2362,21.1263112,-101.6833315
2363,20.655404,-100.3941372
2364,19.6890313,-101.2983255
2365,-34.2566,-59.4642
2366,19.5632861699632,-100.453248165824
2367,19.9693018,-100.059988
2368,19.5141139,-101.5975945
2369,19.5809721,-100.3393329
2370,19.4234234234234,-100.360486451916
2371,21.1178175,-101.6038441
2372,21.1184666,-101.6024463
2373,19.7290949,-101.2204202
2374,20.561808,-101.1722114
2375,19.6570916,-101.1946518
2376,20.6476328,-103.2546209
2377,19.8124475,-102.7013759
2378,19.498896,-101.8552122
2379,19.7185537,-101.2227555
2380,19.7185547,-101.2227472
2381,21.1380888,-101.6501067
2382,19.8124361,-102.7013781
2383,19.7184852,-101.2228908
2384,19.7290919,-101.2204151
2385,19.427533,-102.0683554
2386,19.4229563,-102.0229162
2387,19.0872909,-102.359148
2388,19.087266,-102.3591383
2389,19.0872842,-102.3591455
2390,19.0872828,-102.3591441
2391,19.0873101,-102.3591676
2392,19.0872991,-102.3591619
2393,19.0872997,-102.3591484
2394,21.1177334,-101.5971144
2395,19.6822968,-101.0842726
2396,19.6691803855683,-100.637925548773
2397,18.9362256,-101.686089
2398,19.7404443,-101.2090928
2399,21.2020818,-101.7642272
2400,21.2021081,-101.7642787
2401,19.4109675,-100.3929893
2402,21.087382,-101.6253929
2403,19.5153558,-101.615728
2404,19.5153573,-101.6157262
2405,19.7014,-101.1922
2406,19.5154076,-101.6157588
2407,19.5153576,-101.6157253
2408,20.6400436,-100.3953992
2409,19.2079573,-101.7072058
2410,19.2079463,-101.7072219
2411,19.2079469,-101.7072254
2412,19.393798,-102.0505484
2413,19.6953757,-101.1882146
2414,17.9612591,-102.2122141
2415,19.666418,-101.1857822
2416,19.2955139457274,-101.929872982964
2417,19.2954776,-101.9298911
2418,20.5594204,-100.8043307
2419,19.660513,-102.0301533
2420,19.6576576576576,-101.175869069978
2421,19.8909126,-100.2195371
2422,19.8909213,-100.2195331
2423,19.8909286,-100.2195297
2424,19.8909584,-100.2195159
2425,19.891004,-100.2194947
2426,19.8844694,-100.2419627
2427,19.8811455,-100.2549301
2428,19.8901165,-100.2205882
2429,19.6953784,-101.1881924
2430,19.4314098,-101.924763
2431,19.6875817,-101.2138693
2432,19.6904984,-100.5297784
2433,19.2170352,-100.4113875
2434,19.6953465,-101.1882295
2435,19.2173823,-100.4117386
2436,19.6784988,-101.2402805
2437,19.5153624,-101.6157298
2438,19.7082041,-101.255672
2439,20.6980163,-103.3298418
2440,19.6991456,-101.1790123
2441,19.6991402,-101.1790015
2442,19.699141,-101.1790067
2443,19.69914,-101.179013
2444,19.4539418252123,-99.1070245518297
2445,20.6720637,-103.394264
2446,18.9377461,-101.6815349
2447,18.9377441,-101.6815338
2448,19.7083425,-101.2140725
2449,20.58340396821,-100.393084962482
2450,19.0321436444628,-98.179475821238
2451,20.5442640802283,-100.482909973084
2452,19.7273092,-100.0833534
2453,19.8534719,-100.8260717
2454,19.8534726,-100.8261276
2455,18.9377477,-101.6815351
2456,17.961251,-102.2121712
2457,21.100957,-101.6461481
2458,19.9721006,-100.048029
2459,19.9692494,-100.0599448
2460,19.7348931,-101.2066899
2461,19.5547019,-98.8907131
2462,19.6944218,-101.2410802
2463,19.6945945,-101.2410099
2464,19.6948177,-101.196852
2465,19.6947934,-101.2405134
2466,19.7596388,-101.1388767
2467,19.6910319,-101.2669681
2468,20.6367723,-87.0591653
2469,21.1058109,-101.6509899
2470,21.1067436,-101.6509045
2471,19.3827017,-99.2305031
2472,19.3826935,-99.2304882
2473,21.3663273,-101.9228615
2474,19.2274762,-101.4462595
2475,21.0772095,-101.6410039
2476,19.8948305,-100.4622855
2477,19.8106232,-100.8921104
2478,19.8106641,-100.8920944
2479,19.6910087,-101.2670527
2480,19.6756858,-101.3902059
2481,19.6756864,-101.3901926
2482,19.4480523,-100.3597676
2483,19.6766139,-101.2526649
2484,19.7585195,-101.1380357
2485,19.7585391,-101.1380447
2486,19.7069468,-101.2118703
2487,20.565933338741,-101.217399457012
2488,21.1310568,-101.6376339
2489,21.1310504,-101.637638
2490,21.1310451,-101.6376464
2491,20.613073905045,-103.314192874504
2492,20.6130707965539,-103.314189874031
2493,19.5111743411698,-101.605222583688
2494,19.5111855930693,-101.605205290757
2495,19.5111678621494,-101.605242416254
2496,19.6961604,-101.16628
2497,19.8429134,-100.8027756
2498,19.7098981,-101.1726062
2499,19.7005623,-101.2559288
2500,19.9643842,-101.1422143
2501,20.6635008,-103.366656
2502,19.7138644,-101.1814969
2503,19.5310015,-101.6103795
2504,19.531038,-101.610392
2505,19.2954789,-101.9298936
2506,21.1392365,-101.7256346
2507,19.734338,-101.1845991
2508,19.2063437,-101.7097274
2509,19.6640555,-101.4964497
2510,20.6554102,-100.3940756
2511,20.6554325,-100.3940867
2512,19.6990517,-101.2378883
2513,19.2954783,-101.9298829
2514,19.8968377,-100.4474926
2515,17.6592322,-101.6018445
2516,17.6498257,-101.5360352
2517,17.6690322,-101.5870332
2518,19.7751225,-101.1892812
2519,19.0973903,-101.5218205
2520,19.6879919891691,-101.159128483499
2521,19.4220595,-100.4905944
2522,20.637917,-100.477574
2523,19.207245,-101.709338
2524,19.2073925,-101.7094403
2525,20.6379141,-100.4775624
2526,19.5411946,-100.4842054
2527,20.546919,-100.8365711
2528,19.7129736,-101.2301008
2529,19.6912498,-101.2095446
2530,19.691245,-101.2093856
2531,19.4181834,-102.130579
2532,21.1360996,-101.6119903
2533,19.7097938631344,-100.61843593581
2534,19.7097942180216,-100.618436209144
2535,19.6675065,-101.5198821
2536,19.4267748,-100.3335965
2537,19.426772,-100.3335976
2538,18.9644767,-101.8096943
2539,20.6583559999999,-100.341001624999
2540,20.6578845454545,-100.339846363636
2541,20.6578366666666,-100.340055333333
2542,20.4164436,-100.4573941
2543,20.6657217,-100.4027361
2544,19.8253239,-101.5844469
2545,19.7596328,-101.1388793
2546,21.1188575,-101.6657393
2547,19.4186579,-102.1273586
2548,21.135121,-101.677654
2549,20.5570527,-101.2022687
2550,20.5570625,-101.2022631
2551,20.5570317,-101.2022719
2552,19.6141893682153,-100.61691991562
2553,20.5489226,-100.3959145
2554,19.3446904,-101.4809477
2555,19.356485,-101.096106666666
2556,20.4287924,-101.7176405
2557,19.759585,-101.1388913
2558,20.0867834,-101.5169926
2559,20.0867637,-101.5169932
2560,19.7351773,-101.2152496
2561,19.2567346,-100.4599078
2562,19.3311909418685,-101.918047034216
2563,20.5689294,-103.2939225
2564,19.1004726,-101.5245743
2565,19.7034231,-101.2290641
2566,20.5552537,-100.8640855
2567,20.5552533,-100.8640812
2568,21.135336,-101.7084306
2569,21.1346269,-101.7080748
2570,20.5803328015492,-100.398208793003
2571,19.7184195,-101.2390961
2572,21.1655508,-101.6934071
2573,18.9665054,-101.8022373
2574,18.9665026,-101.8022268
2575,18.9665035,-101.8022322
2576,18.9665036,-101.8022263
2577,18.9665041,-101.8022273
2578,19.3311638258491,-101.918016661397
2579,19.3310630629178,-101.918042614689
2580,20.5508544523381,-100.400443399462
2581,20.5581949,-100.4420633
2582,20.5581872,-100.4421985
2583,19.8882135,-100.6765053
2584,19.09723,-101.5216431
2585,19.729095,-101.2204238
2586,19.6961155,-101.2890601
2587,19.3336085,-101.9187725
2588,19.4327236,-100.3612979
2589,19.2063205,-101.7097254
2590,20.5661627,-101.2191526
2591,20.5661865,-101.2191828
2592,20.5167931,-100.7875512
2593,20.5168065,-100.787591
2594,20.5166879,-100.7873525
2595,20.5169317,-100.7875425
2596,20.5167811,-100.7876895
2597,20.5167829,-100.7875465
2598,20.5166842,-100.7875753
2599,20.5167755,-100.7876304
2600,20.5166893,-100.7875811
2601,19.7179665,-101.2071188
2602,19.7055497,-100.0808782
2603,19.7055494,-100.080879
2604,19.9730058,-101.1488579
2605,19.4204201725298,-102.126016271652
2606,19.7111534,-101.1678595
2607,19.7111538,-101.1678593
2608,20.6126126126126,-101.237791455017
2609,20.7131835,-103.3570559
2610,20.7879036,-100.4940745
2611,20.7879194,-100.4940812
2612,20.7878692,-100.49406
2613,20.7878662,-100.4940687
2614,20.787886,-100.4940634
2615,20.7878697,-100.4940614
2616,19.5493752,-100.1245119
2617,21.1177102,-101.5984655
2618,20.5451439,-100.6879315
2619,19.9747324,-100.0535791
2620,19.6841065,-100.5446125
2621,19.6841046,-100.5446143
2622,19.684108,-100.5446123
2623,21.1692054,-101.7667519
2624,19.4237036,-100.3297669
2625,19.7720424,-101.1902809
2626,21.0641214,-101.5654841
2627,21.14845,-101.7007618
2628,19.4976205,-101.3352447
2629,19.7060463,-101.2471708
2630,19.2186944,-101.7023627
2631,21.3655603,-101.9200574
2632,19.7468788,-101.1470603
2633,19.6721627,-101.3064991
2634,21.1454722,-101.6806842
2635,19.6840551,-101.1282742
2636,19.7136118,-101.163624
2637,19.6525326697338,-102.053324030807
2638,19.6523663738378,-102.05339565915
2639,21.1657785,-101.6694173
2640,21.1257088826982,-101.69428814699
2641,20.4997246,-100.8506295
2642,21.1282979,-101.6620017
2643,21.1283671,-101.6619939
2644,21.1399701577527,-101.666535030765
2645,20.6325824,-100.4665551
2646,21.1171171171171,-101.597456012265
2647,19.4000082,-99.1324711
2648,20.6980132,-103.3298533
2649,19.6594426,-101.1843694
2650,20.5472524,-101.1978788
2651,19.8913766,-100.442748
2652,19.8913547,-100.4427418
2653,20.4997241,-100.8506296
2654,20.4997238,-100.8506298
2655,20.7375898,-100.4145008
2656,19.6851689715283,-101.258213397462
2657,20.5679399,-100.5248655
2658,19.4000425,-99.1324289
2659,19.3919742,-102.0506988
2660,20.4997322,-100.8506421
2661,20.565416,-101.217384
2662,21.1370907,-101.7139073
2663,20.4997922,-100.8507244
2664,20.5091288,-100.8187689
2665,21.1104002,-101.5931367
2666,21.111161,-101.5928944
2667,21.1053296,-101.6377448
2668,20.5689281,-103.2939141
2669,20.6435699,-100.9944231
2670,20.0914714,-101.5160644
2671,21.1375367,-101.6464159
2672,20.3981911,-99.9805117
2673,21.1959867137001,-101.668556590411
2674,19.7029040860822,-101.186445586771
2675,19.5850736,-100.3373206
2676,18.9905778,-98.2018514
2677,19.4209878429888,-102.05312195107
2678,19.6961127,-101.1627473
2679,19.3155384,-100.4325291
2680,19.69591273402,-101.162718845727
2681,19.812447,-102.7013783
2682,19.708536,-101.2142119
2683,20.0551494,-102.7147003
2684,19.7638272,-101.1098656
2685,19.6856636,-101.2070764
2686,19.8124349,-102.701354
2687,19.7290884,-101.2204249
2688,19.3285007,-99.0849982
2689,19.8096113,-102.7027206
2690,19.8099274,-102.7044996
2691,19.3283483,-99.084875
2692,20.6455971,-100.4317275
2693,20.645555,-100.4316618
2694,19.6982576,-101.1673767
2695,19.6982646,-101.1673636
2696,19.6982845,-101.1673508
2697,19.6982717,-101.1673557
2698,19.0387603180481,-98.1856481731424
2699,19.0393554831737,-98.1867870195631
2700,19.0355062273085,-98.1791307907463
2701,19.0355803431714,-98.1792214810933
2702,19.0359284119993,-98.1798937870253
2703,19.693255784328,-101.190813599781
2704,19.1008373,-98.3388978
2705,20.5943998,-100.3932295
2706,20.5943362,-100.3932333
2707,20.5943396,-100.3932987
2708,20.5943274,-100.3934007
2709,20.5943317,-100.3933977
2710,18.0202824,-102.2124903
2711,18.0202402,-102.2124497
2712,18.0201826,-102.2124053
2713,20.6915787,-103.3271626
2714,19.6769564,-101.2003092
2715,19.2073897,-100.5735284
2716,19.7524093,-101.1416637
2717,19.7145719,-101.1972924
2718,19.7145452,-101.1972802
2719,19.9900967,-102.2871637
2720,19.7331741,-101.1040362
2721,19.7333112,-101.1041204
2722,19.7179496,-101.2071158
2723,19.7179385,-101.2071094
2724,19.7179349,-101.2071092
2725,19.3283624,-99.0849131
2726,19.6667272,-101.1942608
2727,19.6617998,-101.1908199
2728,19.70535089256,-101.157527359684
2729,19.0460829,-98.2360493
2730,17.9978,-92.9247
2731,19.8477854,-102.1163592
2732,19.5826002,-100.3387253
2733,19.6726022287717,-101.219893809884
2734,19.7404315,-101.2090782
2735,19.7112126,-101.151406
2736,19.6961291,-101.2890622
2737,19.6960906,-101.2890525
2738,19.6961227,-101.2890591
2739,19.6951667,-101.1951267
2740,19.6932560494911,-101.190814956519
2741,19.7681893,-101.1655049
2742,19.7088409031013,-101.190011179917
2743,19.6893582,-101.3144897
2744,26.7809843,-101.4179063
2745,26.8687779,-101.4249223
2746,19.2477979,-100.4191122
2747,19.6602835,-101.1929665
2748,19.6589715,-101.1621668
2749,19.6589121,-101.1622942
2750,19.6588843,-101.1622738
2751,19.2819952,-100.4373731
2752,19.689011,-101.1868506
2753,20.5659333755258,-101.217400345655
2754,19.6865746,-101.304263
2755,19.6865783,-101.3042608
2756,19.6865786,-101.3042564
2757,19.7167989,-101.2177488
2758,19.7167963,-101.2177513
2759,19.6937337,-101.17995
2760,19.6937096,-101.1800076
2761,19.5493418,-100.1184503
2762,19.54932,-100.1184491
2763,20.5107618,-100.8188702
2764,20.6477417,-103.2632764
2765,20.6477899,-103.2632746
2766,20.6477966,-103.2632687
2767,20.6468943,-103.2632816
2768,17.9873937310411,-102.240081405353
2769,20.7150043,-100.4509066
2770,20.7074115,-100.46122
2771,19.2872448,-98.910208
2772,19.8851209,-100.4488585
2773,19.6951597,-101.1951271
2774,19.5850786,-100.3373208
2775,19.5850761,-100.3373214
2776,19.7293047,-101.2362236
2777,19.6960157,-101.1689921
2778,19.6960138,-101.1689862
2779,20.5345462,-100.4397184
2780,19.6666961,-101.1942711
2781,19.66671,-101.1942663
2782,19.6667066,-101.1942719
2783,19.6666868,-101.1942661
2784,19.6666951,-101.194273
2785,19.4441345,-100.3559152
2786,19.6876162,-101.2247959
2787,19.8909266,-100.4433032
2788,19.8909206,-100.4432858
2789,19.6871105,-101.1818678
2790,19.8908736,-100.4431816
2791,19.8907384,-100.44332
2792,19.8908575,-100.4435952
2793,20.663051,-103.2665746
2794,19.32958,-101.9146023
2795,19.3283743,-99.0848587
2796,20.6320865,-100.2608076
2797,19.8948315,-100.4623037
2798,19.8948313,-100.4623039
2799,19.699429,-101.175692666666
2800,19.7226141,-101.1666433
2801,19.722665,-101.1666427
2802,19.7225949,-101.1666464
2803,19.7222964,-101.2008508
2804,19.6664211,-101.1857814
2805,19.6664233,-101.1857824
2806,19.7225744,-101.1666683
2807,19.7225722,-101.166671
2808,19.6667224,-101.1942597
2809,19.7167379,-101.2174914
2810,19.7167373,-101.2175009
2811,19.4331229,-100.3691598
2812,19.6613323,-101.1986827
2813,20.0366375,-100.7117584
2814,19.6897519,-101.1844853
2815,19.6875707,-101.224777
2816,19.6858251,-100.5595347
2817,20.6980198,-103.3297892
2818,20.6980106,-103.3298495
2819,19.6927772,-100.5545095
2820,19.6686296,-101.1988467
2821,19.6686266,-101.1988372
2822,19.6704919,-101.239803
2823,19.6704917,-101.2398118
2824,19.7053667,-101.3114531
2825,19.7212753,-101.1889022
2826,19.7233633,-101.1911045
2827,19.7212915,-101.1888536
2828,19.6704544,-101.2397938
2829,19.6704533,-101.2397959
2830,19.6704484,-101.2397948
2831,19.6704502,-101.2397957
2832,21.1690056,-101.766923
2833,19.7086721,-101.2228508
2834,19.7268652,-101.1832769
2835,19.7269843,-101.183032
2836,19.7029183744588,-101.232019558213
2837,19.7033090402548,-101.231067574594
2838,20.3614600488357,-102.026940569672
2839,19.7046774,-101.1736783
2840,20.6531207,-100.4721592
2841,19.6893369,-101.3144946
2842,19.5085215,-101.608345
2843,19.7524132,-101.1416308
2844,19.6755059,-101.3004221
2845,20.648543,-87.0639846
2846,20.6485464,-87.0639865
2847,19.4338061,-102.0718428
2848,19.4338071,-102.071848
2849,19.5382478,-101.6159642
2850,19.5382481,-101.6159674
2851,19.7084904,-101.222974
2852,20.5442234,-103.3627711
2853,20.5442302,-103.3627746
2854,19.7404277,-101.2090765
2855,20.6625124,-100.4012821
2856,20.6249925,-100.4180046
2857,19.7003548521737,-101.256099574284
2858,19.6982198,-101.2429137
2859,20.717969,-103.2921146
2860,19.6796135295968,-101.227413610815
2861,20.0529435,-102.704963
2862,20.6522796,-100.3838103
2863,19.6876182,-101.2248017
2864,19.6570877,-101.1946497
2865,19.7167883,-101.2177481
2866,20.5593994,-100.8043363
2867,20.0923659,-101.5063679
2868,19.0176432,-98.2130783
2869,19.6992232,-101.2928987
2870,19.6784537,-101.2197269
2871,19.6782992,-101.2197107
2872,20.5500749282133,-100.349441410272
2873,20.5500744686822,-100.349438077624
2874,20.6818682,-103.2891728
2875,20.6839786,-100.3210697
2876,20.6839826,-100.3210638
2877,20.5659331597699,-101.217399269131
2878,20.4073256,-101.1760854
2879,20.6164305,-103.3086392
2880,20.5893048,-100.1970788
2881,19.6840321,-101.1764536
2882,19.6885304,-101.1905302
2883,19.8960843,-100.4446733
2884,19.8960846,-100.4446258
2885,19.7343468,-101.1846045
2886,20.6625287,-100.4012956
2887,20.5662806,-100.3840305
2888,19.6755607,-101.3021509
2889,19.4208752,-102.0635775
2890,19.4208751,-102.0635784
2891,19.7051445,-101.1768921
2892,19.7310873,-101.2001287
2893,19.7027481,-101.1524511
2894,19.7028544,-101.1523928
2895,20.7020589681992,-103.377608561757
2896,19.7242411,-101.223194
2897,19.5850668,-100.3373006
2898,19.7005847,-101.2559493
2899,19.6858602706045,-101.138778669349
2900,19.7614228,-101.1422517
2901,19.6919397,-101.2149553
2902,19.688193,-101.1958928
2903,19.6882179,-101.1959003
2904,19.6882102,-101.1958948
2905,19.7290896,-101.1043238
2906,20.5618126,-101.1721923
2907,19.7261125,-101.2180584
2908,19.6771199,-101.1928137
2909,19.7116632,-101.2506059
2910,19.5158743,-101.6094202
2911,20.6523089,-100.3838003
2912,20.5472088,-100.4549903
2913,20.5472089,-100.4549877
2914,20.5472135,-100.454984
2915,19.8900368,-102.2034543
2916,21.169245,-101.7667842
2917,19.727354027617,-101.114356091489
2918,19.7273732763775,-101.114358339363
2919,21.1690086,-101.7671363
2920,20.70441,-103.2910426
2921,19.8134503,-102.7042465
2922,19.6757741,-101.2477664
2923,19.675762,-101.2477515
2924,20.6337805,-100.4086669
2925,25.6600948,-100.2588896
2926,25.6601022,-100.2588995
2927,19.896079,-100.4446581
2928,19.8960666,-100.444652
2929,19.8960795,-100.444648
2930,19.8960708,-100.4446777
2931,21.1594581,-101.6838947
2932,19.8960751,-100.4446567
2933,20.6954955,-103.3012044
2934,19.6998765728422,-101.19311176339
2935,19.6892384,-101.3139168
2936,19.6873799,-101.1651284
2937,19.7343241,-101.1844742
2938,22.1658655,-100.9353178
2939,19.5090618,-101.6136025
2940,19.5091126,-101.6135684
2941,19.7180909710188,-101.099967788999
2942,19.7180360731121,-101.099941535156
2943,19.8549886,-100.8185176
2944,21.1657716,-101.6694686
2945,20.7031009,-103.2982274
2946,19.6769002844037,-101.323148814497
2947,19.7606343,-101.138671
2948,19.046085,-98.2360502
2949,19.7140391,-101.1814588
2950,19.7074274219819,-100.606985113222
2951,19.7074470493989,-100.606852495539
2952,20.5638531,-100.2982487
2953,20.5638515,-100.2982483
2954,19.6960962,-101.2890857
2955,20.5997839337276,-100.371024772433
2956,19.650572,-101.1932207
2957,19.7577887,-101.1454224
2958,19.7050223,-101.2030986
2959,19.7085356,-101.2142004
2960,19.7085371,-101.2142043
2961,19.7085389,-101.2142034
2962,19.6944523326133,-101.147148165448
2963,19.7195656,-101.1457942
2964,19.6948835,-101.2752528
2965,20.3921969,-101.1839422
2966,19.7275883,-101.2030695
2967,20.6453558,-100.3844999
2968,19.7179552,-101.2071344
2969,19.6613544,-101.1986172
2970,20.6490566,-101.0011106
2971,20.0495195,-102.7128514
2972,20.0495156,-102.7128519
2973,19.7577839,-101.1454161
2974,19.7577784,-101.1454228
2975,19.6896627,-101.1851535
2976,19.689665,-101.1851091
2977,20.6490504,-101.0011175
2978,19.6904865,-101.1880952
2979,19.6905105,-101.1880924
2980,19.6949492,-101.1406284
2981,19.7389462,-101.1996269
2982,20.634436406318,-100.484869129686
2983,20.5199706,-100.8157401
2984,19.4187073,-102.1273416
2985,19.6839054,-101.3035799
2986,20.6755037,-100.4386922
2987,19.7067685065071,-101.171223047757
2988,19.7067620957719,-101.171165096604
2989,19.654528,-100.5994781
2990,19.673391,-101.1901221
2991,19.6733932,-101.1901293
2992,19.6742543,-101.3043287
2993,19.6742445,-101.3043368
2994,20.6626424,-100.5053577
2995,19.6893496,-101.3144882
2996,19.7667367195408,-101.155414012235
2997,19.4479951,-100.3594238
2998,19.6954437,-101.2539739
2999,19.6954635,-101.2539623
3000,19.7066808009258,-101.171134160292
3001,19.7067584663031,-101.171201433798
3002,19.7276035,-101.2031095
3003,19.9040738,-101.2635711
3004,19.9040785,-101.2635681
3005,20.5685266,-101.1897079
3006,20.5685567,-101.1897068
3007,19.7250822,-101.2206798
3008,19.582459,-100.3348788
3009,19.7131068,-101.1586815
3010,19.7131092,-101.1586834
3011,19.7061989,-101.2418401
3012,19.7062013,-101.2418569
3013,19.7459276,-101.2045115
3014,19.7066075954684,-101.171140763621
3015,19.8830971,-100.4488056
3016,20.6666440305568,-103.265204270886
3017,19.661337,-101.1986753
3018,19.6953445,-101.188133
3019,19.7613704,-101.1422849
3020,20.5139634,-103.211449
3021,19.6682711,-101.1855097
3022,19.6876183,-101.2248
3023,20.648545,-87.0639887
3024,19.4209894673111,-102.053120076613
3025,19.5110866,-101.6044019
3026,19.7091486,-101.209289
3027,20.6118566,-100.419084
3028,19.9814093,-102.2753585
3029,20.5891553,-100.3979435
3030,20.7274761912579,-103.552276339437
3031,20.5638617,-100.3891022
3032,19.7466215,-101.2014335
3033,19.7088433,-101.1091421
3034,19.6912386,-101.2259508
3035,19.6907122835855,-101.172843722167
3036,19.6906482281333,-101.172826595722
3037,19.4058691,-102.0646818
3038,19.6968833,-101.189402
3039,19.7066165307115,-101.17113975268
3040,19.7066438629036,-101.171125599471
3041,19.8338125,-100.8161648
3042,19.7372205,-101.1815699
3043,19.7251146,-101.2307031
3044,19.68647969235,-101.171539950652
3045,19.6864494173606,-101.171580860247
3046,19.6983377,-101.1898175
3047,20.5567518,-100.5213501
3048,19.6512033808971,-101.159937644533
3049,20.5451957,-100.5178349
3050,19.6818407,-100.5659864
3051,19.6819938,-100.5659562
3052,19.6851688797922,-101.258214188108
3053,21.1176908,-101.6653211
3054,19.6961046386337,-101.162706949808
3055,19.6961281,-101.1627412
3056,19.6961252,-101.1627431
3057,19.6961354,-101.16274
3058,19.6961387,-101.1627545
3059,19.7101121,-101.1822537
3060,19.7088697031491,-101.190126155551
3061,19.1222319267798,-98.2504665392613
3062,19.1222116461911,-98.2504669537867
3063,19.122226783942,-98.2504691003292
3064,19.1222409767954,-98.2504881386776
3065,20.0586611245622,-102.730277396759
3066,20.0586611244867,-102.730277396813
3067,20.0586611237534,-102.73027739733
3068,20.0586617356214,-102.730276966823
3069,20.0586610252454,-102.730277466761
3070,20.3999044,-101.2101743
3071,20.3998972240664,-101.210137184276
3072,19.6682612998881,-101.165078772937
3073,19.6687725138443,-101.165160162087
3074,19.7403765,-101.2088778
3075,19.7404201,-101.2090692
3076,19.7132012,-101.2186678
3077,19.7132179,-101.2186792
3078,19.4871021,-101.5080492
3079,19.4870917,-101.5080562
3080,20.6596988,-103.3496092
3081,20.0879463094645,-101.528077261931
3082,20.0879585217997,-101.528010954043
3083,20.0879591457254,-101.528011628152
3084,20.0880679782633,-101.527934383128
3085,20.0856176,-101.5274695
3086,19.4407158,-100.3597003
3087,20.6180607,-100.4824818
3088,20.6180625,-100.4824683
3089,20.6180914158242,-100.482350045336
3090,20.6180565102091,-100.482356782922
3091,20.6180545060459,-100.482352410068
3092,20.6180486339392,-100.482329872099
3093,20.6180627871926,-100.48236956264
3094,19.3754855,-102.0432974
3095,19.7066584391621,-101.171128474322
3096,19.2069041759243,-101.703294115852
3097,19.4289758,-102.0040076
3098,19.4291186,-102.0040651
3099,19.4290683,-102.0040548
3100,20.0896329469126,-101.518647691825
3101,20.0896467280978,-101.518449220982
3102,19.6745152,-101.3144791
3103,19.6548887078477,-101.226796630969
3104,19.6974021358249,-101.149626592417
3105,19.5432189,-101.6962169
3106,21.1505066,-101.6695814
3107,20.6378728417132,-103.454398799496
3108,19.4871448,-101.5080246
3109,19.4871072,-101.5080509
3110,19.4871056,-101.5080553
3111,20.9726584338649,-101.295228265438
3112,19.4025598,-102.0245951
3113,19.4025334,-102.0244552
3114,19.2139638,-101.6952912
3115,19.213953,-101.6953341
3116,20.6437747,-103.3010126
3117,20.6438034,-103.3010981
3118,19.402605,-102.0245935
3119,19.4025572,-102.0244344
3120,19.7114255,-101.2104107
3121,19.402616,-102.0245851
3122,19.4026082,-102.0245304
3123,19.6825857611355,-101.182209973443
3124,19.7216976404506,-101.17328315314
3125,19.6974963,-101.2056799
3126,19.8103493,-101.2979613
3127,19.8102935,-101.2979649
3128,19.6836204,-101.3059733
3129,19.7040503786086,-101.223357004812
3130,19.7316781,-101.1758192
3131,19.7316909,-101.1758307
3132,19.6885746285419,-101.197715290647
3133,21.1177355,-101.5905287
3134,19.7143733441781,-101.233988820796
3135,19.7002851,-101.1708977
3136,19.5797969,-101.1983725
3137,19.7505571220621,-101.191487400252
3138,19.7057134,-101.1800192
3139,19.6961148,-101.1627547
3140,19.7647734547478,-101.111834854867
3141,20.6388058,-103.2519995
3142,20.6497703,-103.4165123
3143,20.9879121,-101.2892269
3144,19.7817878699999,-101.214134209999
3145,19.7003530283993,-101.192034154965
3146,19.7002386918552,-101.191946497282
3147,19.7003540666808,-101.192018269216
3148,19.700353433796,-101.192029124729
3149,19.7003430005559,-101.192046963107
3150,19.700356572596,-101.192023584006
3151,21.1505284,-101.6694363
3152,19.7646090374803,-101.213377704739
3153,19.7814332297177,-101.213845693498
3154,19.7813851984032,-101.213806617772
3155,19.8238476856529,-101.043351629244
3156,19.8237147121727,-101.043328144834
3157,19.8054611984042,-100.173355755426
3158,19.7295474448523,-101.233652907887
3159,19.7083943,-101.2104322
3160,20.5259258409024,-103.45574124362
3161,19.4316875,-102.0666188
3162,19.4316945,-102.0666152
3163,19.4864935,-101.5083281
3164,19.7546217751926,-101.177466018678
3165,19.7545997611336,-101.177464605232
3166,17.9598596741668,-102.188554441461
3167,17.9598637217431,-102.188538734469
3168,20.6394976533082,-100.454468996851
3169,20.639498902617,-100.454484733312
3170,20.6394973492887,-100.454483074184
3171,20.639497510616,-100.454486532957
3172,20.6394971865371,-100.454482333017
3173,20.6394993173873,-100.454484299651
3174,20.6394959470737,-100.454485098167
3175,19.673117500246,-101.174796915923
3176,19.6731002472252,-101.174687807423
3177,20.6378098810283,-103.45441639433
3178,20.6747900570945,-103.300675655544
3179,20.6747829868648,-103.300669047528
3180,19.4300852,-102.078944
3181,19.4069786,-101.6290845
3182,20.6044260305469,-100.259021636011
3183,20.604325440136,-100.258910144002
3184,19.5518742811922,-101.344615898983
3185,19.6828884148809,-101.219637418826
3186,17.6445153,-101.562973
3187,17.6445413,-101.5629533
3188,19.6850182283279,-101.219503736453
3189,19.4070909033733,-102.070878825451
3190,19.4071055538432,-102.070879507507
3191,19.836669,-101.7668036
3192,19.8366463,-101.7668123
3193,20.5259268808604,-103.455741571616
3194,19.6798419813874,-101.171590741722
3195,20.6948966,-100.4370063
3196,20.6948857,-100.4370072
3197,19.6740343,-101.3183357
3198,19.7132602,-101.2499612
3199,20.63952539,-100.45445453
3200,20.63951951,-100.45442916
3201,20.63958624,-100.45441284
3202,20.63953823,-100.45439186
3203,20.6395975,-100.45453052
3204,20.63950253,-100.45446387
3205,20.6395025711288,-100.454473407265
3206,19.8055241,-101.8046153
3207,19.1645158,-101.9140315
3208,19.3960841,-102.0243013
3209,19.7148621787012,-101.204860924274
3210,19.7144397694407,-101.20474377317
3211,20.7231,-103.3388
3212,19.4026576,-102.024645
3213,19.4057524,-101.9585227
3214,19.405732,-101.9585352
3215,19.1645181,-101.9140275
3216,19.6608,-101.1941376
3217,19.8935262,-100.4633027
3218,19.896141,-100.4637174
3219,19.6974568,-101.2056764
3220,20.60605896688,-103.394494967398
3221,19.8155698,-101.799091
3222,19.5395045,-101.6966938
3223,19.8057253,-101.791231
3224,19.4011345,-102.0238691
3225,19.691465352916,-101.138644796445
3226,19.1633761385288,-102.053204881661
3227,19.6811415177653,-101.15735192937
3228,20.6838341436569,-103.383253952286
3229,19.8935261,-100.4633028
3230,19.8935269,-100.4633064
3231,19.8935265,-100.4633011
3232,19.8935258,-100.4632954
3233,19.6910736,-101.2451201
3234,19.6917366,-101.2908961
3235,20.695163,-103.2838264
3236,19.8052370649213,-99.9948898960117
3237,19.7100494210285,-101.126109305699
3238,19.7100511201928,-101.126121793801
3239,19.7101218593112,-101.126267862557
3240,19.7100480387522,-101.126099285863
3241,19.7064174,-101.2048933
3242,19.6959574218015,-101.162813232247
3243,19.6960946829618,-101.162699471498
3244,19.7102498293636,-101.126484537206
3245,19.7102498258768,-101.126484531155
3246,19.7069766,-101.2461286
3247,19.8056055357715,-100.173464349617
3248,19.8056007219881,-100.173444011383
3249,19.8056129272877,-100.173490940816
3250,19.805730131995,-100.17338567058
3251,19.695909,-101.162789
3252,19.416296,-101.6038682
3253,21.0660549283495,-101.609038257071
3254,21.0660464665278,-101.60902708264
3255,21.066048204783,-101.609045279785
3256,21.0660576502194,-101.608930849564
3257,21.0660894053321,-101.609121210882
3258,21.066065104627,-101.60901153931
3259,21.0660636186662,-101.609025885738
3260,21.0660457819734,-101.609022999337
3261,19.7358948,-101.1798804
3262,20.5651561507104,-103.357310050617
3263,20.5651561554162,-103.357310054492
3264,19.679841867143,-101.171590971502
3265,16.9248451,-99.8105177
3266,19.6500378,-101.237891
3267,19.700838416465,-101.178244298829
3268,19.7011073291297,-101.177937475621
3269,19.6916773,-101.1616012
3270,19.9885752510382,-101.264811984252
3271,19.6530397,-101.1576729
3272,19.6333598,-102.0556666
3273,19.703566443317,-101.116471247376
3274,19.4060185505228,-101.637722868567
3275,19.3779724,-102.0391157
3276,19.695662,-101.16263
3277,19.7505573919444,-101.191485527104
3278,19.3781172,-102.0391946
3279,19.7014232,-101.1605106
3280,19.6331375,-102.0554442
3281,19.7089921,-101.1975823
3282,19.7087758806414,-101.173198594736
3283,19.4870993,-101.5080533
3284,19.62807474429,-101.292390349685
3285,20.5494920554236,-100.835386842659
3286,19.7141137,-101.1639654
3287,19.6885828834032,-101.197745856237
3288,19.764848576162,-101.114988592432
3289,19.7530612,-101.2179668
3290,19.6733588252136,-101.30843559772
3291,19.4645273,-101.9423078
3292,19.7530904,-101.2180512
3293,19.6665271192113,-101.194728925411
3294,19.6665535370167,-101.194683770054
3295,19.7531002,-101.2180539
3296,19.7531166,-101.2180463
3297,19.7530971,-101.2180542
3298,19.8916186,-100.4533412
3299,19.2141913191997,-101.682794614212
3300,19.4188542,-102.0188608
3301,19.5130643882309,-101.6195663614
3302,19.6823352,-101.1738909
3303,19.6826068,-101.1728845
3304,19.6799155,-101.3264462
3305,19.4167062,-102.135036
3306,19.6960998,-101.1627562
3307,19.5130647855273,-101.619459138029
3308,19.510260067083,-101.616975755929
3309,19.2141928718975,-101.682795443147
3310,19.6932277,-101.1789924
3311,19.6932855,-101.179001
3312,19.6961105,-101.1627568
3313,19.7649848522613,-101.126355802802
3314,19.7003211449629,-101.191921578795
3315,20.6700230083509,-103.258427581374
3316,19.7071843,-101.2462587
3317,19.7071333,-101.2462697
3318,19.7306919944745,-101.228078369441
3319,19.6957456849724,-101.217405752978
3320,20.6378792151088,-103.454399873684
3321,19.6589999348869,-101.195554179172
3322,19.6589918101331,-101.195542051316
3323,19.6688606952554,-101.281481080777
3324,19.6836211,-101.2423543
3325,19.7062906260322,-101.220311804778
3326,19.753155,-101.217999
3327,19.6904512613917,-101.242716985087
3328,19.3925934859091,-101.915957118394
3329,19.3925930749583,-101.915949946916
3330,19.6927235409569,-101.222630602518
3331,19.6960240953908,-101.162868947645
3332,19.1654552416186,-101.72529191604
3333,19.5711747657167,-101.715588224802
3334,19.5712141252547,-101.715643856838
3335,19.69554,-101.16474
3336,19.6932773,-101.1789951
3337,19.6932557,-101.1789672
3338,19.651082,-101.196358
3339,19.651087,-101.196372
3340,19.651069,-101.196384
3341,19.3849248,-99.2567545
3342,19.7101206600463,-101.126395882741
3343,19.7101210682631,-101.126395960358
3344,19.6942435156621,-101.190217739826
3345,19.6941930568776,-101.19024977464
3346,19.694240694678,-101.19020894734
3347,19.6905478490748,-101.155576577158
3348,19.6905478490734,-101.155576577158
3349,19.6958649,-101.1627205
3350,19.7093307503053,-101.195030343536
3351,19.705736476368,-101.243863470935
3352,19.6961055,-101.1627442
3353,20.6258403033553,-103.426476140832
3354,20.6258973273798,-103.426434160439
3355,19.6508403433574,-101.19614823028
3356,19.710964,-101.1814751
3357,19.6436406352848,-101.152086988437
3358,19.6983907314128,-101.165474825508
3359,19.6981949095585,-101.165574654872
3360,19.6953328381971,-101.16565889626
3361,19.6508688,-101.1962053
3362,19.6960705366139,-101.162722693722
3363,19.6961015348799,-101.16269394441
3364,19.6959967270432,-101.16277848249
3365,19.6958514513833,-101.162600960503
3366,19.6958390257352,-101.162558223683
3367,20.6258704341937,-103.426485578872
3368,20.6258867990456,-103.4264603782
3369,20.6258808372294,-103.426380237365
3370,19.6968631725941,-101.153068319057
3371,19.6969396704612,-101.153001719639
3372,20.6258864065122,-103.426521414395
3373,20.6258830387365,-103.426503707951
3374,20.6258755754136,-103.426494911311
3375,19.6935781,-101.1580523
3376,20.6258732972603,-103.42647098712
3377,20.6259127878686,-103.426436685971
3378,19.6409737590582,-101.257511686628
3379,19.640971646674,-101.257515908218
3380,19.6409056642041,-101.257550843668
3381,19.667213340032,-101.172182136619
3382,19.6675943715528,-101.172451673402
3383,19.7109208,-101.1814718
3384,19.710949908536,-101.181497943524
3385,19.7109318,-101.1814942
3386,19.6780246,-101.2199604
3387,19.6780249,-101.2199432
3388,19.6961987282796,-101.162759457864
3389,19.6961022392473,-101.162691941242
3390,19.696077,-101.162738
3391,19.6708567896734,-101.22259936023
3392,19.6708915898932,-101.222761897363
3393,19.678023,-101.2199425
3394,19.695906,-101.162796
3395,19.7109621,-101.181472
3396,19.7076931,-101.1576704
3397,0.0,0.0
3398,0.0,0.0
3399,0.0,0.0
3400,0.0,0.0
3401,0.0,0.0
3402,0.0,0.0
3403,0.0,0.0
3404,0.0,0.0
3405,0.0,0.0
3406,0.0,0.0
3407,0.0,0.0
3408,0.0,0.0
3409,0.0,0.0
3410,0.0,0.0
3411,0.0,0.0
3412,0.0,0.0
3413,0.0,0.0
3414,0.0,0.0
3415,0.0,0.0
3416,0.0,0.0
3417,0.0,0.0
3418,0.0,0.0
3419,0.0,0.0
3420,0.0,0.0
3421,0.0,0.0
3422,0.0,0.0
3423,0.0,0.0
3424,0.0,0.0
3425,0.0,0.0
3426,0.0,0.0
3427,0.0,0.0
3428,0.0,0.0
3429,0.0,0.0
3430,0.0,0.0
3431,0.0,0.0
3432,0.0,0.0
3433,0.0,0.0
3434,0.0,0.0
3435,0.0,0.0
3436,0.0,0.0
3437,0.0,0.0
3438,0.0,0.0
3439,0.0,0.0
3440,0.0,0.0
3441,0.0,0.0
3442,0.0,0.0
3443,0.0,0.0
3444,0.0,0.0
3445,0.0,0.0
3446,0.0,0.0
3447,0.0,0.0
3448,0.0,0.0
3449,0.0,0.0
3450,0.0,0.0
3451,0.0,0.0
3452,0.0,0.0
3453,0.0,0.0
3454,0.0,0.0
3455,0.0,0.0
3456,0.0,0.0
3457,0.0,0.0
3458,0.0,0.0
3459,0.0,0.0
3460,0.0,0.0
3461,0.0,0.0
3462,0.0,0.0
3463,0.0,0.0
3464,0.0,0.0
3465,0.0,0.0
3466,0.0,0.0
3467,0.0,0.0
3468,0.0,0.0
3469,0.0,0.0
3470,0.0,0.0
3471,0.0,0.0
3472,0.0,0.0
3473,0.0,0.0
3474,0.0,0.0
3475,0.0,0.0
3476,0.0,0.0
3477,0.0,0.0
3478,0.0,0.0
3479,0.0,0.0
3480,0.0,0.0
3481,0.0,0.0
3482,0.0,0.0
3483,0.0,0.0
3484,0.0,0.0
3485,0.0,0.0
3486,0.0,0.0
3487,0.0,0.0
3488,0.0,0.0
3489,0.0,0.0
3490,0.0,0.0
3491,0.0,0.0
3492,0.0,0.0
3493,0.0,0.0
3494,0.0,0.0
3495,0.0,0.0
3496,0.0,0.0
3497,0.0,0.0
3498,0.0,0.0
3499,0.0,0.0
3500,0.0,0.0
3501,0.0,0.0
3502,0.0,0.0
3503,0.0,0.0
3504,0.0,0.0
3505,0.0,0.0
3506,0.0,0.0
3507,0.0,0.0
3508,0.0,0.0
3509,0.0,0.0
3510,0.0,0.0
3511,0.0,0.0
3512,0.0,0.0
3513,0.0,0.0
3514,0.0,0.0
3515,0.0,0.0
3516,0.0,0.0
3517,0.0,0.0
3518,0.0,0.0
3519,0.0,0.0
3520,0.0,0.0
3521,0.0,0.0
3522,0.0,0.0
3523,0.0,0.0
3524,0.0,0.0
3525,0.0,0.0
3526,0.0,0.0
3527,0.0,0.0
3528,0.0,0.0
3529,0.0,0.0
3530,0.0,0.0
3531,0.0,0.0
3532,0.0,0.0
3533,0.0,0.0
3534,0.0,0.0
3535,0.0,0.0
3536,0.0,0.0
3537,0.0,0.0
3538,0.0,0.0
3539,0.0,0.0
3540,0.0,0.0
3541,0.0,0.0
3542,0.0,0.0
3543,0.0,0.0
3544,0.0,0.0
3545,0.0,0.0
3546,0.0,0.0
3547,0.0,0.0
3548,0.0,0.0
3549,0.0,0.0
3550,0.0,0.0
3551,0.0,0.0
3552,0.0,0.0
3553,0.0,0.0
3554,0.0,0.0
3555,0.0,0.0
3556,0.0,0.0
3557,0.0,0.0
3558,0.0,0.0
3559,0.0,0.0
3560,0.0,0.0
3561,0.0,0.0
3562,0.0,0.0
3563,0.0,0.0
3564,0.0,0.0
3565,0.0,0.0
3566,0.0,0.0
3567,0.0,0.0
3568,0.0,0.0
3569,0.0,0.0
3570,0.0,0.0
3571,0.0,0.0
3572,0.0,0.0
3573,0.0,0.0
3574,0.0,0.0
3575,0.0,0.0
3576,0.0,0.0
3577,0.0,0.0
3578,0.0,0.0
3579,0.0,0.0
3580,0.0,0.0
3581,0.0,0.0
3582,0.0,0.0
3583,0.0,0.0
3584,0.0,0.0
3585,0.0,0.0
3586,0.0,0.0
3587,0.0,0.0
3588,0.0,0.0
3589,0.0,0.0
3590,0.0,0.0
3591,0.0,0.0
3592,0.0,0.0
3593,0.0,0.0
3594,0.0,0.0
3595,0.0,0.0
3596,0.0,0.0
3597,0.0,0.0
3598,0.0,0.0
3599,0.0,0.0
3600,0.0,0.0
3601,0.0,0.0
3602,0.0,0.0
3603,0.0,0.0
3604,0.0,0.0
3605,0.0,0.0
3606,0.0,0.0
3607,0.0,0.0
3608,0.0,0.0
3609,0.0,0.0
3610,0.0,0.0
3611,0.0,0.0
3612,0.0,0.0
3613,0.0,0.0
3614,0.0,0.0
3615,0.0,0.0
3616,0.0,0.0
3617,0.0,0.0
3618,0.0,0.0
3619,0.0,0.0
3620,0.0,0.0
3621,0.0,0.0
3622,0.0,0.0
3623,0.0,0.0
3624,0.0,0.0
3625,0.0,0.0
3626,0.0,0.0
3627,0.0,0.0
3628,0.0,0.0
3629,0.0,0.0
3630,0.0,0.0
3631,0.0,0.0
3632,0.0,0.0
3633,0.0,0.0
3634,0.0,0.0
3635,0.0,0.0
3636,0.0,0.0
3637,0.0,0.0
3638,0.0,0.0
3639,0.0,0.0
3640,0.0,0.0
3641,0.0,0.0
3642,0.0,0.0
3643,0.0,0.0
3644,0.0,0.0
3645,0.0,0.0
3646,0.0,0.0
3647,0.0,0.0
3648,0.0,0.0
3649,0.0,0.0
3650,0.0,0.0
3651,0.0,0.0
3652,0.0,0.0
3653,0.0,0.0
3654,0.0,0.0
3655,0.0,0.0
3656,0.0,0.0
3657,0.0,0.0
3658,0.0,0.0
3659,0.0,0.0
3660,0.0,0.0
3661,0.0,0.0
3662,0.0,0.0
3663,0.0,0.0
3664,0.0,0.0
3665,0.0,0.0
3666,0.0,0.0
3667,0.0,0.0
3668,0.0,0.0
3669,0.0,0.0
3670,0.0,0.0
3671,0.0,0.0
3672,0.0,0.0
3673,0.0,0.0
3674,0.0,0.0
3675,0.0,0.0
3676,0.0,0.0
3677,0.0,0.0
3678,0.0,0.0
3679,0.0,0.0
3680,0.0,0.0
